kind	id	status	source	evidence_or_required_work
library	path	bounded	libclamav/scanners.c	known-size preflight and structured report
library	fd	bounded	libclamav/scanners.c	known-size preflight and structured report
library	fmap	bounded	libclamav/scanners.c	map boundary preflight and structured report
clamscan	file	bounded	clamscan/manager.c	file scan and JSON report path
clamscan	stdin	bounded	clamscan/manager.c	over-limit input is not scanned as a partial prefix
clamd	SCAN	bounded	clamd/session.c	legacy command; structured parity pending
clamd	FILDES	bounded	clamd/session.c	legacy command; structured parity pending
clamd	INSTREAM	bounded	clamd/server-th.c	complete staging with stream/temp quota
clamdscan	fdpass	bounded	clamdscan/proto.c	legacy FILDES path; qualification pending
clamdscan	stream	bounded	clamdscan/proto.c	legacy INSTREAM path; qualification pending
clamd	MULTISCAN	bounded	clamd/session.c	sequential fallback when MaxThreads is one
milter	message	bounded	clamav-milter/clamfi.c	streaming temp quota; one-at-a-time qualification pending
on-access	permission	bounded	clamonacc/scan/thread.c	prevention mode denies incomplete outcomes
parser	CL_TYPE_7Z	pending	libclamav/scanners.c	dispatch branch requires parser-family qualification and explicit completion evidence
parser	CL_TYPE_7ZSFX	pending	libclamav/scanners.c	dispatch branch requires parser-family qualification and explicit completion evidence
parser	CL_TYPE_AI_MODEL	pending	libclamav/scanners.c	dispatch branch requires parser-family qualification and explicit completion evidence
parser	CL_TYPE_ALZ	pending	libclamav/scanners.c	dispatch branch requires parser-family qualification and explicit completion evidence
parser	CL_TYPE_APM	pending	libclamav/scanners.c	dispatch branch requires parser-family qualification and explicit completion evidence
parser	CL_TYPE_ARJ	pending	libclamav/scanners.c	dispatch branch requires parser-family qualification and explicit completion evidence
parser	CL_TYPE_ARJSFX	pending	libclamav/scanners.c	dispatch branch requires parser-family qualification and explicit completion evidence
parser	CL_TYPE_AUTOIT	pending	libclamav/scanners.c	dispatch branch requires parser-family qualification and explicit completion evidence
parser	CL_TYPE_BINARY_DATA	pending	libclamav/scanners.c	dispatch branch requires parser-family qualification and explicit completion evidence
parser	CL_TYPE_BINHEX	pending	libclamav/scanners.c	dispatch branch requires parser-family qualification and explicit completion evidence
parser	CL_TYPE_BZ	pending	libclamav/scanners.c	dispatch branch requires parser-family qualification and explicit completion evidence
parser	CL_TYPE_CABSFX	pending	libclamav/scanners.c	dispatch branch requires parser-family qualification and explicit completion evidence
parser	CL_TYPE_CPIO_CRC	pending	libclamav/scanners.c	dispatch branch requires parser-family qualification and explicit completion evidence
parser	CL_TYPE_CPIO_NEWC	pending	libclamav/scanners.c	dispatch branch requires parser-family qualification and explicit completion evidence
parser	CL_TYPE_CPIO_ODC	pending	libclamav/scanners.c	dispatch branch requires parser-family qualification and explicit completion evidence
parser	CL_TYPE_CPIO_OLD	pending	libclamav/scanners.c	dispatch branch requires parser-family qualification and explicit completion evidence
parser	CL_TYPE_CRYPTFF	pending	libclamav/scanners.c	dispatch branch requires parser-family qualification and explicit completion evidence
parser	CL_TYPE_DMG	pending	libclamav/scanners.c	dispatch branch requires parser-family qualification and explicit completion evidence
parser	CL_TYPE_EGG	pending	libclamav/scanners.c	dispatch branch requires parser-family qualification and explicit completion evidence
parser	CL_TYPE_EGGSFX	pending	libclamav/scanners.c	dispatch branch requires parser-family qualification and explicit completion evidence
parser	CL_TYPE_ELF	pending	libclamav/scanners.c	dispatch branch requires parser-family qualification and explicit completion evidence
parser	CL_TYPE_GIF	pending	libclamav/scanners.c	dispatch branch requires parser-family qualification and explicit completion evidence
parser	CL_TYPE_GPT	pending	libclamav/scanners.c	dispatch branch requires parser-family qualification and explicit completion evidence
parser	CL_TYPE_GRAPHICS	pending	libclamav/scanners.c	dispatch branch requires parser-family qualification and explicit completion evidence
parser	CL_TYPE_GZ	pending	libclamav/scanners.c	dispatch branch requires parser-family qualification and explicit completion evidence
parser	CL_TYPE_HTML	pending	libclamav/scanners.c	dispatch branch requires parser-family qualification and explicit completion evidence
parser	CL_TYPE_HTML_UTF16	pending	libclamav/scanners.c	dispatch branch requires parser-family qualification and explicit completion evidence
parser	CL_TYPE_HWP3	pending	libclamav/scanners.c	dispatch branch requires parser-family qualification and explicit completion evidence
parser	CL_TYPE_HWPOLE2	pending	libclamav/scanners.c	dispatch branch requires parser-family qualification and explicit completion evidence
parser	CL_TYPE_IGNORED	pending	libclamav/scanners.c	dispatch branch requires parser-family qualification and explicit completion evidence
parser	CL_TYPE_ISHIELD_MSI	pending	libclamav/scanners.c	dispatch branch requires parser-family qualification and explicit completion evidence
parser	CL_TYPE_ISO9660	pending	libclamav/scanners.c	dispatch branch requires parser-family qualification and explicit completion evidence
parser	CL_TYPE_JPEG	pending	libclamav/scanners.c	dispatch branch requires parser-family qualification and explicit completion evidence
parser	CL_TYPE_LHA_LZH	pending	libclamav/scanners.c	dispatch branch requires parser-family qualification and explicit completion evidence
parser	CL_TYPE_MACHO	pending	libclamav/scanners.c	dispatch branch requires parser-family qualification and explicit completion evidence
parser	CL_TYPE_MACHO_UNIBIN	pending	libclamav/scanners.c	dispatch branch requires parser-family qualification and explicit completion evidence
parser	CL_TYPE_MAIL	pending	libclamav/scanners.c	dispatch branch requires parser-family qualification and explicit completion evidence
parser	CL_TYPE_MBR	pending	libclamav/scanners.c	dispatch branch requires parser-family qualification and explicit completion evidence
parser	CL_TYPE_MHTML	pending	libclamav/scanners.c	dispatch branch requires parser-family qualification and explicit completion evidence
parser	CL_TYPE_MSCAB	pending	libclamav/scanners.c	dispatch branch requires parser-family qualification and explicit completion evidence
parser	CL_TYPE_MSCHM	pending	libclamav/scanners.c	dispatch branch requires parser-family qualification and explicit completion evidence
parser	CL_TYPE_MSEXE	pending	libclamav/scanners.c	dispatch branch requires parser-family qualification and explicit completion evidence
parser	CL_TYPE_MSOLE2	pending	libclamav/scanners.c	dispatch branch requires parser-family qualification and explicit completion evidence
parser	CL_TYPE_MSSZDD	pending	libclamav/scanners.c	dispatch branch requires parser-family qualification and explicit completion evidence
parser	CL_TYPE_NULSFT	pending	libclamav/scanners.c	dispatch branch requires parser-family qualification and explicit completion evidence
parser	CL_TYPE_OLD_TAR	pending	libclamav/scanners.c	dispatch branch requires parser-family qualification and explicit completion evidence
parser	CL_TYPE_ONENOTE	pending	libclamav/scanners.c	dispatch branch requires parser-family qualification and explicit completion evidence
parser	CL_TYPE_OOXML_HWP	pending	libclamav/scanners.c	dispatch branch requires parser-family qualification and explicit completion evidence
parser	CL_TYPE_OOXML_PPT	pending	libclamav/scanners.c	dispatch branch requires parser-family qualification and explicit completion evidence
parser	CL_TYPE_OOXML_WORD	pending	libclamav/scanners.c	dispatch branch requires parser-family qualification and explicit completion evidence
parser	CL_TYPE_OOXML_XL	pending	libclamav/scanners.c	dispatch branch requires parser-family qualification and explicit completion evidence
parser	CL_TYPE_PART_HFSPLUS	pending	libclamav/scanners.c	dispatch branch requires parser-family qualification and explicit completion evidence
parser	CL_TYPE_PDF	pending	libclamav/scanners.c	dispatch branch requires parser-family qualification and explicit completion evidence
parser	CL_TYPE_PNG	pending	libclamav/scanners.c	dispatch branch requires parser-family qualification and explicit completion evidence
parser	CL_TYPE_POSIX_TAR	pending	libclamav/scanners.c	dispatch branch requires parser-family qualification and explicit completion evidence
parser	CL_TYPE_PYTHON_COMPILED	pending	libclamav/scanners.c	dispatch branch requires parser-family qualification and explicit completion evidence
parser	CL_TYPE_RAR	pending	libclamav/scanners.c	dispatch branch requires parser-family qualification and explicit completion evidence
parser	CL_TYPE_RARSFX	pending	libclamav/scanners.c	dispatch branch requires parser-family qualification and explicit completion evidence
parser	CL_TYPE_RIFF	pending	libclamav/scanners.c	dispatch branch requires parser-family qualification and explicit completion evidence
parser	CL_TYPE_RTF	pending	libclamav/scanners.c	dispatch branch requires parser-family qualification and explicit completion evidence
parser	CL_TYPE_SCRENC	pending	libclamav/scanners.c	dispatch branch requires parser-family qualification and explicit completion evidence
parser	CL_TYPE_SCRIPT	pending	libclamav/scanners.c	dispatch branch requires parser-family qualification and explicit completion evidence
parser	CL_TYPE_SIS	pending	libclamav/scanners.c	dispatch branch requires parser-family qualification and explicit completion evidence
parser	CL_TYPE_SWF	pending	libclamav/scanners.c	dispatch branch requires parser-family qualification and explicit completion evidence
parser	CL_TYPE_TEXT_ASCII	pending	libclamav/scanners.c	dispatch branch requires parser-family qualification and explicit completion evidence
parser	CL_TYPE_TEXT_UTF16BE	pending	libclamav/scanners.c	dispatch branch requires parser-family qualification and explicit completion evidence
parser	CL_TYPE_TEXT_UTF16LE	pending	libclamav/scanners.c	dispatch branch requires parser-family qualification and explicit completion evidence
parser	CL_TYPE_TEXT_UTF8	pending	libclamav/scanners.c	dispatch branch requires parser-family qualification and explicit completion evidence
parser	CL_TYPE_TIFF	pending	libclamav/scanners.c	dispatch branch requires parser-family qualification and explicit completion evidence
parser	CL_TYPE_TNEF	pending	libclamav/scanners.c	dispatch branch requires parser-family qualification and explicit completion evidence
parser	CL_TYPE_UDF	pending	libclamav/scanners.c	dispatch branch requires parser-family qualification and explicit completion evidence
parser	CL_TYPE_UUENCODED	pending	libclamav/scanners.c	dispatch branch requires parser-family qualification and explicit completion evidence
parser	CL_TYPE_XAR	pending	libclamav/scanners.c	dispatch branch requires parser-family qualification and explicit completion evidence
parser	CL_TYPE_XDP	pending	libclamav/scanners.c	dispatch branch requires parser-family qualification and explicit completion evidence
parser	CL_TYPE_XML_HWP	pending	libclamav/scanners.c	dispatch branch requires parser-family qualification and explicit completion evidence
parser	CL_TYPE_XML_WORD	pending	libclamav/scanners.c	dispatch branch requires parser-family qualification and explicit completion evidence
parser	CL_TYPE_XML_XL	pending	libclamav/scanners.c	dispatch branch requires parser-family qualification and explicit completion evidence
parser	CL_TYPE_XZ	pending	libclamav/scanners.c	dispatch branch requires parser-family qualification and explicit completion evidence
parser	CL_TYPE_ZIP	pending	libclamav/scanners.c	dispatch branch requires parser-family qualification and explicit completion evidence
parser	CL_TYPE_ZIPSFX	pending	libclamav/scanners.c	dispatch branch requires parser-family qualification and explicit completion evidence
