kind	id	required_case_ids
library	pdf-metadata-callback-context	library:pdf-metadata-callback-context:complete,library:pdf-metadata-callback-context:late-detection,library:pdf-metadata-callback-context:fault
library	arj-header-status-declaration	library:arj-header-status-declaration:complete,library:arj-header-status-declaration:late-detection,library:arj-header-status-declaration:fault
library	arj-open-read-status	library:arj-open-read-status:complete,library:arj-open-read-status:late-detection,library:arj-open-read-status:fault
library	internal-declaration-egg	library:internal-declaration-egg:complete,library:internal-declaration-egg:late-detection,library:internal-declaration-egg:fault
library	internal-declaration-scan-report	library:internal-declaration-scan-report:complete,library:internal-declaration-scan-report:late-detection,library:internal-declaration-scan-report:fault
library	mbox-spool-line-read-integrity	library:mbox-spool-line-read-integrity:complete,library:mbox-spool-line-read-integrity:late-detection,library:mbox-spool-line-read-integrity:fault
library	mbox-multipart-limit-status	library:mbox-multipart-limit-status:complete,library:mbox-multipart-limit-status:late-detection,library:mbox-multipart-limit-status:fault
library	scan-deadline-initialization	library:scan-deadline-initialization:complete,library:scan-deadline-initialization:late-detection,library:scan-deadline-initialization:fault
library	xar-checksum-declaration-admission	library:xar-checksum-declaration-admission:complete,library:xar-checksum-declaration-admission:late-detection,library:xar-checksum-declaration-admission:fault
library	fileblob-deferred-context-scan	library:fileblob-deferred-context-scan:complete,library:fileblob-deferred-context-scan:late-detection,library:fileblob-deferred-context-scan:fault
library	pe-header-offset-arithmetic	library:pe-header-offset-arithmetic:complete,library:pe-header-offset-arithmetic:late-detection,library:pe-header-offset-arithmetic:fault
library	pe-relative-window-offset-admission	library:pe-relative-window-offset-admission:complete,library:pe-relative-window-offset-admission:late-detection,library:pe-relative-window-offset-admission:fault
library	pdf-legacy-asciihex-end-marker	library:pdf-legacy-asciihex-end-marker:complete,library:pdf-legacy-asciihex-end-marker:late-detection,library:pdf-legacy-asciihex-end-marker:fault
library	pdf-asciihex-end-marker	library:pdf-asciihex-end-marker:complete,library:pdf-asciihex-end-marker:late-detection,library:pdf-asciihex-end-marker:fault
library	7z-bcj2-input-read-status	library:7z-bcj2-input-read-status:complete,library:7z-bcj2-input-read-status:late-detection,library:7z-bcj2-input-read-status:fault
library	mspack-decoder-allocation-status	library:mspack-decoder-allocation-status:complete,library:mspack-decoder-allocation-status:late-detection,library:mspack-decoder-allocation-status:fault
library	swf-cws-zlib-decoder-finalization	library:swf-cws-zlib-decoder-finalization:complete,library:swf-cws-zlib-decoder-finalization:late-detection,library:swf-cws-zlib-decoder-finalization:fault
library	base64-encoder-admission	library:base64-encoder-admission:complete,library:base64-encoder-admission:late-detection,library:base64-encoder-admission:fault
library	gzip-decoder-finalization	library:gzip-decoder-finalization:complete,library:gzip-decoder-finalization:late-detection,library:gzip-decoder-finalization:fault
library	bzip2-scanner-finalization	library:bzip2-scanner-finalization:complete,library:bzip2-scanner-finalization:late-detection,library:bzip2-scanner-finalization:fault
library	zip-bzip2-finalization	library:zip-bzip2-finalization:complete,library:zip-bzip2-finalization:late-detection,library:zip-bzip2-finalization:fault
library	zip-inflate-finalization	library:zip-inflate-finalization:complete,library:zip-inflate-finalization:late-detection,library:zip-inflate-finalization:fault
library	egg-stream-decoder-finalization	library:egg-stream-decoder-finalization:complete,library:egg-stream-decoder-finalization:late-detection,library:egg-stream-decoder-finalization:fault
library	pdf-flate-decoder-finalization	library:pdf-flate-decoder-finalization:complete,library:pdf-flate-decoder-finalization:late-detection,library:pdf-flate-decoder-finalization:fault
library	ppt-compressed-decoder-finalization	library:ppt-compressed-decoder-finalization:complete,library:ppt-compressed-decoder-finalization:late-detection,library:ppt-compressed-decoder-finalization:fault
library	dmg-adc-bzip-finalization	library:dmg-adc-bzip-finalization:complete,library:dmg-adc-bzip-finalization:late-detection,library:dmg-adc-bzip-finalization:fault
library	dmg-deflate-decoder-finalization	library:dmg-deflate-decoder-finalization:complete,library:dmg-deflate-decoder-finalization:late-detection,library:dmg-deflate-decoder-finalization:fault
library	lzma-wrapper-progress	library:lzma-wrapper-progress:complete,library:lzma-wrapper-progress:late-detection,library:lzma-wrapper-progress:fault
library	mspack-extraction-limit-status	library:mspack-extraction-limit-status:complete,library:mspack-extraction-limit-status:late-detection,library:mspack-extraction-limit-status:fault
library	7z-copy-input-progress	library:7z-copy-input-progress:complete,library:7z-copy-input-progress:late-detection,library:7z-copy-input-progress:fault
library	7z-decoder-input-progress	library:7z-decoder-input-progress:complete,library:7z-decoder-input-progress:late-detection,library:7z-decoder-input-progress:fault
library	scanfile-path-conversion-cleanup	library:scanfile-path-conversion-cleanup:complete,library:scanfile-path-conversion-cleanup:late-detection,library:scanfile-path-conversion-cleanup:fault
library	udf-anchor-main-sequence-deadline	library:udf-anchor-main-sequence-deadline:complete,library:udf-anchor-main-sequence-deadline:late-detection,library:udf-anchor-main-sequence-deadline:fault
library	root-metadata-initial-record-failure	library:root-metadata-initial-record-failure:complete,library:root-metadata-initial-record-failure:late-detection,library:root-metadata-initial-record-failure:fault
library	root-hash-metadata-record-failure	library:root-hash-metadata-record-failure:complete,library:root-hash-metadata-record-failure:late-detection,library:root-hash-metadata-record-failure:fault
library	root-metadata-preclass-serialization-failure	library:root-metadata-preclass-serialization-failure:complete,library:root-metadata-preclass-serialization-failure:late-detection,library:root-metadata-preclass-serialization-failure:fault
library	scan-metadata-serialization-failure	library:scan-metadata-serialization-failure:complete,library:scan-metadata-serialization-failure:late-detection,library:scan-metadata-serialization-failure:fault
library	root-file-type-metadata-record-failure	library:root-file-type-metadata-record-failure:complete,library:root-file-type-metadata-record-failure:late-detection,library:root-file-type-metadata-record-failure:fault
library	image-fuzzy-hash-metadata-record-failure	library:image-fuzzy-hash-metadata-record-failure:complete,library:image-fuzzy-hash-metadata-record-failure:late-detection,library:image-fuzzy-hash-metadata-record-failure:fault
library	json-api-array-add-failure	library:json-api-array-add-failure:complete,library:json-api-array-add-failure:late-detection,library:json-api-array-add-failure:fault
library	msxml-value-metadata-array-add-failure	library:msxml-value-metadata-array-add-failure:complete,library:msxml-value-metadata-array-add-failure:late-detection,library:msxml-value-metadata-array-add-failure:fault
library	indicator-metadata-object-id-record-failure	library:indicator-metadata-object-id-record-failure:complete,library:indicator-metadata-object-id-record-failure:late-detection,library:indicator-metadata-object-id-record-failure:fault
library	indicator-metadata-array-append-failure	library:indicator-metadata-array-append-failure:complete,library:indicator-metadata-array-append-failure:late-detection,library:indicator-metadata-array-append-failure:fault
library	indicator-metadata-property-add-failure	library:indicator-metadata-property-add-failure:complete,library:indicator-metadata-property-add-failure:late-detection,library:indicator-metadata-property-add-failure:fault
library	indicator-evidence-add-failure	library:indicator-evidence-add-failure:complete,library:indicator-evidence-add-failure:late-detection,library:indicator-evidence-add-failure:fault
library	pdf-derived-object-metadata-failure	library:pdf-derived-object-metadata-failure:complete,library:pdf-derived-object-metadata-failure:late-detection,library:pdf-derived-object-metadata-failure:fault
library	trusted-indicator-ignored-metadata-failure	library:trusted-indicator-ignored-metadata-failure:complete,library:trusted-indicator-ignored-metadata-failure:late-detection,library:trusted-indicator-ignored-metadata-failure:fault
library	nested-indicator-metadata-array-copy-failure	library:nested-indicator-metadata-array-copy-failure:complete,library:nested-indicator-metadata-array-copy-failure:late-detection,library:nested-indicator-metadata-array-copy-failure:fault
library	nested-indicator-metadata-object-add-failure	library:nested-indicator-metadata-object-add-failure:complete,library:nested-indicator-metadata-object-add-failure:late-detection,library:nested-indicator-metadata-object-add-failure:fault
library	nested-evidence-merge-failure	library:nested-evidence-merge-failure:complete,library:nested-evidence-merge-failure:late-detection,library:nested-evidence-merge-failure:fault
library	nested-layer-metadata-array-add-failure	library:nested-layer-metadata-array-add-failure:complete,library:nested-layer-metadata-array-add-failure:late-detection,library:nested-layer-metadata-array-add-failure:fault
library	pe-heuristic-metadata-array-add-failure	library:pe-heuristic-metadata-array-add-failure:complete,library:pe-heuristic-metadata-array-add-failure:late-detection,library:pe-heuristic-metadata-array-add-failure:fault
library	pe-metadata-property-add-failure	library:pe-metadata-property-add-failure:complete,library:pe-metadata-property-add-failure:late-detection,library:pe-metadata-property-add-failure:fault
library	json-api-object-add-failure	library:json-api-object-add-failure:complete,library:json-api-object-add-failure:late-detection,library:json-api-object-add-failure:fault
library	scan-report-json-object-add-failure	library:scan-report-json-object-add-failure:complete,library:scan-report-json-object-add-failure:late-detection,library:scan-report-json-object-add-failure:fault
library	mime-metadata-write-visibility	library:mime-metadata-write-visibility:complete,library:mime-metadata-write-visibility:late-detection,library:mime-metadata-write-visibility:fault
library	xdp-sticky-completion	library:xdp-sticky-completion:complete,library:xdp-sticky-completion:late-detection,library:xdp-sticky-completion:fault
library	pe-icon-sticky-completion	library:pe-icon-sticky-completion:complete,library:pe-icon-sticky-completion:late-detection,library:pe-icon-sticky-completion:fault
library	dmg-sticky-completion	library:dmg-sticky-completion:complete,library:dmg-sticky-completion:late-detection,library:dmg-sticky-completion:fault
library	pe-sticky-completion	library:pe-sticky-completion:complete,library:pe-sticky-completion:late-detection,library:pe-sticky-completion:fault
library	tar-sticky-completion	library:tar-sticky-completion:complete,library:tar-sticky-completion:late-detection,library:tar-sticky-completion:fault
library	arj-header-sticky-completion	library:arj-header-sticky-completion:complete,library:arj-header-sticky-completion:late-detection,library:arj-header-sticky-completion:fault
library	nsis-sticky-completion	library:nsis-sticky-completion:complete,library:nsis-sticky-completion:late-detection,library:nsis-sticky-completion:fault
library	mspack-sticky-completion	library:mspack-sticky-completion:complete,library:mspack-sticky-completion:late-detection,library:mspack-sticky-completion:fault
library	macho-unibin-sticky-completion	library:macho-unibin-sticky-completion:complete,library:macho-unibin-sticky-completion:late-detection,library:macho-unibin-sticky-completion:fault
library	ishield-sticky-completion	library:ishield-sticky-completion:complete,library:ishield-sticky-completion:late-detection,library:ishield-sticky-completion:fault
library	ishield-extraction-status	library:ishield-extraction-status:complete,library:ishield-extraction-status:late-detection,library:ishield-extraction-status:fault
library	autoit-sticky-completion	library:autoit-sticky-completion:complete,library:autoit-sticky-completion:late-detection,library:autoit-sticky-completion:fault
library	zip-sticky-completion	library:zip-sticky-completion:complete,library:zip-sticky-completion:late-detection,library:zip-sticky-completion:fault
library	msexpand-sticky-completion	library:msexpand-sticky-completion:complete,library:msexpand-sticky-completion:late-detection,library:msexpand-sticky-completion:fault
library	sis-sticky-completion	library:sis-sticky-completion:complete,library:sis-sticky-completion:late-detection,library:sis-sticky-completion:fault
library	pdf-sticky-completion	library:pdf-sticky-completion:complete,library:pdf-sticky-completion:late-detection,library:pdf-sticky-completion:fault
library	cpio-sticky-completion	library:cpio-sticky-completion:complete,library:cpio-sticky-completion:late-detection,library:cpio-sticky-completion:fault
library	msxml-sticky-completion	library:msxml-sticky-completion:complete,library:msxml-sticky-completion:late-detection,library:msxml-sticky-completion:fault
library	ole2-sticky-completion	library:ole2-sticky-completion:complete,library:ole2-sticky-completion:late-detection,library:ole2-sticky-completion:fault
library	hwp5-stream-sticky-completion	library:hwp5-stream-sticky-completion:complete,library:hwp5-stream-sticky-completion:late-detection,library:hwp5-stream-sticky-completion:fault
library	hwpole2-sticky-completion	library:hwpole2-sticky-completion:complete,library:hwpole2-sticky-completion:late-detection,library:hwpole2-sticky-completion:fault
library	hwp3-sticky-completion	library:hwp3-sticky-completion:complete,library:hwp3-sticky-completion:late-detection,library:hwp3-sticky-completion:fault
library	native-executable-sticky-completion	library:native-executable-sticky-completion:complete,library:native-executable-sticky-completion:late-detection,library:native-executable-sticky-completion:fault
library	archive-compression-current-rerun	library:archive-compression-current-rerun:complete,library:archive-compression-current-rerun:late-detection,library:archive-compression-current-rerun:fault
library	xar-gzip-member-finalization	library:xar-gzip-member-finalization:complete,library:xar-gzip-member-finalization:late-detection,library:xar-gzip-member-finalization:fault
library	xar-toc-decoder-finalization	library:xar-toc-decoder-finalization:complete,library:xar-toc-decoder-finalization:late-detection,library:xar-toc-decoder-finalization:fault
library	hwp3-top-level-boundary	library:hwp3-top-level-boundary:complete,library:hwp3-top-level-boundary:late-detection,library:hwp3-top-level-boundary:fault
library	hwp3-paragraph-end-marker	library:hwp3-paragraph-end-marker:complete,library:hwp3-paragraph-end-marker:late-detection,library:hwp3-paragraph-end-marker:fault
library	hwp3-current-rerun	library:hwp3-current-rerun:complete,library:hwp3-current-rerun:late-detection,library:hwp3-current-rerun:fault
library	ole2-stream-chain-status	library:ole2-stream-chain-status:complete,library:ole2-stream-chain-status:late-detection,library:ole2-stream-chain-status:fault
library	ole2-encrypted-plaintext-length	library:ole2-encrypted-plaintext-length:complete,library:ole2-encrypted-plaintext-length:late-detection,library:ole2-encrypted-plaintext-length:fault
library	ole2-workbook-encryption-probe	library:ole2-workbook-encryption-probe:complete,library:ole2-workbook-encryption-probe:late-detection,library:ole2-workbook-encryption-probe:fault
library	udf-anchor-sequence-admission	library:udf-anchor-sequence-admission:complete,library:udf-anchor-sequence-admission:late-detection,library:udf-anchor-sequence-admission:fault
library	udf-root-icb-directory-traversal	library:udf-root-icb-directory-traversal:complete,library:udf-root-icb-directory-traversal:late-detection,library:udf-root-icb-directory-traversal:fault
library	udf-descriptor-tag-integrity	library:udf-descriptor-tag-integrity:complete,library:udf-descriptor-tag-integrity:late-detection,library:udf-descriptor-tag-integrity:fault
library	udf-directory-admission	library:udf-directory-admission:complete,library:udf-directory-admission:late-detection,library:udf-directory-admission:fault
library	udf-allocation-window-admission	library:udf-allocation-window-admission:complete,library:udf-allocation-window-admission:late-detection,library:udf-allocation-window-admission:fault
library	fmap-gets-admission	library:fmap-gets-admission:complete,library:fmap-gets-admission:late-detection,library:fmap-gets-admission:fault
library	swizz-string-input	library:swizz-string-input:complete,library:swizz-string-input:late-detection,library:swizz-string-input:fault
library	hash-file-length-admission	library:hash-file-length-admission:complete,library:hash-file-length-admission:late-detection,library:hash-file-length-admission:fault
library	signature-database-api-admission	library:signature-database-api-admission:complete,library:signature-database-api-admission:late-detection,library:signature-database-api-admission:fault
library	matcher-pattern-length-admission	library:matcher-pattern-length-admission:complete,library:matcher-pattern-length-admission:late-detection,library:matcher-pattern-length-admission:fault
library	iso-descriptor-boundary	library:iso-descriptor-boundary:complete,library:iso-descriptor-boundary:late-detection,library:iso-descriptor-boundary:fault
library	iso-directory-record-boundary	library:iso-directory-record-boundary:complete,library:iso-directory-record-boundary:late-detection,library:iso-directory-record-boundary:fault
library	riff-size-promotion	library:riff-size-promotion:complete,library:riff-size-promotion:late-detection,library:riff-size-promotion:fault
library	yara-arena-admission	library:yara-arena-admission:complete,library:yara-arena-admission:late-detection,library:yara-arena-admission:fault
library	clamd-admission-measurements	library:clamd-admission-measurements:complete,library:clamd-admission-measurements:late-detection,library:clamd-admission-measurements:fault
library	hfsplus-compressed-resource-map	library:hfsplus-compressed-resource-map:complete,library:hfsplus-compressed-resource-map:late-detection,library:hfsplus-compressed-resource-map:fault
library	hfsplus-catalog-leaf-chain-admission	library:hfsplus-catalog-leaf-chain-admission:complete,library:hfsplus-catalog-leaf-chain-admission:late-detection,library:hfsplus-catalog-leaf-chain-admission:fault
library	hfsplus-options-admission	library:hfsplus-options-admission:complete,library:hfsplus-options-admission:late-detection,library:hfsplus-options-admission:fault
library	yara-instruction-stream-admission	library:yara-instruction-stream-admission:complete,library:yara-instruction-stream-admission:late-detection,library:yara-instruction-stream-admission:fault
library	partition-intersection-overlap	library:partition-intersection-overlap:complete,library:partition-intersection-overlap:late-detection,library:partition-intersection-overlap:fault
library	partition-scan-state-admission	library:partition-scan-state-admission:complete,library:partition-scan-state-admission:late-detection,library:partition-scan-state-admission:fault
library	cpio-name-termination	library:cpio-name-termination:complete,library:cpio-name-termination:late-detection,library:cpio-name-termination:fault
library	tar-map	library:tar-map:complete,library:tar-map:late-detection,library:tar-map:fault
library	hwp3-context	library:hwp3-context:complete,library:hwp3-context:late-detection,library:hwp3-context:fault
library	elf-unpack-entry	library:elf-unpack-entry:complete,library:elf-unpack-entry:late-detection,library:elf-unpack-entry:fault
library	macho-unpack-entry	library:macho-unpack-entry:complete,library:macho-unpack-entry:late-detection,library:macho-unpack-entry:fault
library	path	library:path:clean-edge,library:path:detection-edge,library:path:limit-edge
library	filetype-signature-range	library:filetype-signature-range:complete,library:filetype-signature-range:late-detection,library:filetype-signature-range:fault
library	containment-macros	library:containment-macros:complete,library:containment-macros:late-detection,library:containment-macros:fault
library	fd	library:fd:clean-edge,library:fd:detection-edge,library:fd:limit-edge
library	fmap	library:fmap:clean-edge,library:fmap:detection-edge,library:fmap:limit-edge
library	io	library:io:complete,library:io:late-detection,library:io:fault
library	callback	library:callback:complete,library:callback:late-detection,library:callback:fault
library	alert-callback-dismissal-failure	library:alert-callback-dismissal-failure:complete,library:alert-callback-dismissal-failure:late-detection,library:alert-callback-dismissal-failure:fault
library	scan-callback-dispatch-engine-admission	library:scan-callback-dispatch-engine-admission:complete,library:scan-callback-dispatch-engine-admission:late-detection,library:scan-callback-dispatch-engine-admission:fault
library	rust-utility-ffi-admission	library:rust-utility-ffi-admission:complete,library:rust-utility-ffi-admission:late-detection,library:rust-utility-ffi-admission:fault
library	rust-codesign-ffi-admission	library:rust-codesign-ffi-admission:complete,library:rust-codesign-ffi-admission:late-detection,library:rust-codesign-ffi-admission:fault
library	rust-cvd-cstring-admission	library:rust-cvd-cstring-admission:complete,library:rust-cvd-cstring-admission:late-detection,library:rust-cvd-cstring-admission:fault
library	rust-logging-cstring-admission	library:rust-logging-cstring-admission:complete,library:rust-logging-cstring-admission:late-detection,library:rust-logging-cstring-admission:fault
library	cdiff-ffi-admission	library:cdiff-ffi-admission:complete,library:cdiff-ffi-admission:late-detection,library:cdiff-ffi-admission:fault
library	rust-evidence-ffi-admission	library:rust-evidence-ffi-admission:complete,library:rust-evidence-ffi-admission:late-detection,library:rust-evidence-ffi-admission:fault
matcher	rust-fuzzy-image-ffi-admission	matcher:rust-fuzzy-image-ffi-admission:required-behavior,matcher:rust-fuzzy-image-ffi-admission:required-failure
library	production-cvd-ingress	library:production-cvd-ingress:complete,library:production-cvd-ingress:late-detection,library:production-cvd-ingress:fault
library	production-cvd-api-boundary	library:production-cvd-api-boundary:complete,library:production-cvd-api-boundary:late-detection,library:production-cvd-api-boundary:fault
library	descriptor-scan-boundary	library:descriptor-scan-boundary:complete,library:descriptor-scan-boundary:late-detection,library:descriptor-scan-boundary:fault
library	mspack-output-close	library:mspack-output-close:complete,library:mspack-output-close:late-detection,library:mspack-output-close:fault
library	mspack-file-positioning	library:mspack-file-positioning:complete,library:mspack-file-positioning:late-detection,library:mspack-file-positioning:fault
library	crypto-keyfile-close	library:crypto-keyfile-close:complete,library:crypto-keyfile-close:late-detection,library:crypto-keyfile-close:fault
library	crypto-certificate-directory	library:crypto-certificate-directory:complete,library:crypto-certificate-directory:late-detection,library:crypto-certificate-directory:fault
library	signature-database-close	library:signature-database-close:complete,library:signature-database-close:late-detection,library:signature-database-close:fault
library	hash-stream-read-close	library:hash-stream-read-close:complete,library:hash-stream-read-close:late-detection,library:hash-stream-read-close:fault
library	limits	library:limits:complete,library:limits:late-detection,library:limits:fault
library	scan-temp-setup	library:scan-temp-setup:complete,library:scan-temp-setup:late-detection,library:scan-temp-setup:fault
library	dispatch-status-init	library:dispatch-status-init:complete,library:dispatch-status-init:late-detection,library:dispatch-status-init:fault
library	raw-dispatch	library:raw-dispatch:complete,library:raw-dispatch:late-detection,library:raw-dispatch:fault
library	ole2-xlm-biff	library:ole2-xlm-biff:complete,library:ole2-xlm-biff:late-detection,library:ole2-xlm-biff:fault
library	xar-sticky-completion	library:xar-sticky-completion:complete,library:xar-sticky-completion:late-detection,library:xar-sticky-completion:fault
library	xar-toc-completion	library:xar-toc-completion:complete,library:xar-toc-completion:late-detection,library:xar-toc-completion:fault
library	rtf-description	library:rtf-description:complete,library:rtf-description:late-detection,library:rtf-description:fault
library	jpeg-map	library:jpeg-map:complete,library:jpeg-map:late-detection,library:jpeg-map:fault
clamscan	file	clamscan:file:clean-edge,clamscan:file:detection-edge,clamscan:file:limit-edge
clamscan	stdin	clamscan:stdin:clean-edge,clamscan:stdin:detection-edge,clamscan:stdin:limit-edge
clamd	SCAN	clamd:SCAN:clean-edge,clamd:SCAN:detection-edge,clamd:SCAN:limit-edge
clamd	FILDES	clamd:FILDES:clean-edge,clamd:FILDES:detection-edge,clamd:FILDES:limit-edge
clamd	INSTREAM	clamd:INSTREAM:clean-edge,clamd:INSTREAM:detection-edge,clamd:INSTREAM:limit-edge
clamd	SCANREPORT	clamd:SCANREPORT:clean-edge,clamd:SCANREPORT:detection-edge,clamd:SCANREPORT:limit-edge
clamd	CONTSCANREPORT	clamd:CONTSCANREPORT:clean-edge,clamd:CONTSCANREPORT:detection-edge,clamd:CONTSCANREPORT:limit-edge
clamd	MULTISCANREPORT	clamd:MULTISCANREPORT:clean-edge,clamd:MULTISCANREPORT:detection-edge,clamd:MULTISCANREPORT:limit-edge
clamd	ALLMATCHSCANREPORT	clamd:ALLMATCHSCANREPORT:clean-edge,clamd:ALLMATCHSCANREPORT:detection-edge,clamd:ALLMATCHSCANREPORT:limit-edge
clamd	FILDESREPORT	clamd:FILDESREPORT:clean-edge,clamd:FILDESREPORT:detection-edge,clamd:FILDESREPORT:limit-edge
clamd	INSTREAMREPORT	clamd:INSTREAMREPORT:clean-edge,clamd:INSTREAMREPORT:detection-edge,clamd:INSTREAMREPORT:limit-edge
clamd	response-write	clamd:response-write:clean-edge,clamd:response-write:detection-edge,clamd:response-write:limit-edge
clamdscan	fdpass	clamdscan:fdpass:clean-edge,clamdscan:fdpass:detection-edge,clamdscan:fdpass:limit-edge
clamdscan	stream	clamdscan:stream:clean-edge,clamdscan:stream:detection-edge,clamdscan:stream:limit-edge
clamdscan	default	clamdscan:default:clean-edge,clamdscan:default:detection-edge,clamdscan:default:limit-edge
clamdscan	multiscan	clamdscan:multiscan:clean-edge,clamdscan:multiscan:detection-edge,clamdscan:multiscan:limit-edge
clamdscan	stream-multiscan	clamdscan:stream-multiscan:clean-edge,clamdscan:stream-multiscan:detection-edge,clamdscan:stream-multiscan:limit-edge
clamdscan	fdpass-multiscan	clamdscan:fdpass-multiscan:clean-edge,clamdscan:fdpass-multiscan:detection-edge,clamdscan:fdpass-multiscan:limit-edge
clamdscan	clamdscan-directory-walk-failure	clamdscan:clamdscan-directory-walk-failure:clean-edge,clamdscan:clamdscan-directory-walk-failure:detection-edge,clamdscan:clamdscan-directory-walk-failure:limit-edge
clamdscan	clamdscan-idsession-termination-send	clamdscan:clamdscan-idsession-termination-send:clean-edge,clamdscan:clamdscan-idsession-termination-send:detection-edge,clamdscan:clamdscan-idsession-termination-send:limit-edge
clamd	MULTISCAN	clamd:MULTISCAN:clean-edge,clamd:MULTISCAN:detection-edge,clamd:MULTISCAN:limit-edge
milter	message	milter:message:clean-edge,milter:message:detection-edge,milter:message:limit-edge
on-access	permission	on-access:permission:clean-edge,on-access:permission:detection-edge,on-access:permission:limit-edge,on-access:permission:resource-edge,on-access:permission:timeout-edge,on-access:permission:parser-edge
unsupported	native-windows-memory-scan	unsupported:native-windows-memory-scan:unsupported-policy
matcher	ac	matcher:ac:exact-tail,matcher:ac:limit,matcher:ac:fault
matcher	bm	matcher:bm:exact-tail,matcher:bm:limit,matcher:bm:fault
matcher	byte-compare	matcher:byte-compare:exact-tail,matcher:byte-compare:limit,matcher:byte-compare:fault
matcher	hash	matcher:hash:exact-tail,matcher:hash:limit,matcher:hash:fault
matcher	raw-hash-finalization-status	matcher:raw-hash-finalization-status:exact-tail,matcher:raw-hash-finalization-status:limit,matcher:raw-hash-finalization-status:fault
matcher	pcre	matcher:pcre:exact-tail,matcher:pcre:limit,matcher:pcre:fault
matcher	logical	matcher:logical:exact-tail,matcher:logical:limit,matcher:logical:fault
matcher	yara	matcher:yara:exact-tail,matcher:yara:limit,matcher:yara:fault
matcher	bytecode	matcher:bytecode:exact-tail,matcher:bytecode:limit,matcher:bytecode:fault
matcher	fuzzy-image	matcher:fuzzy-image:required-behavior,matcher:fuzzy-image:required-failure
feature	BYTECODE_RUNTIME	feature:BYTECODE_RUNTIME:enabled,feature:BYTECODE_RUNTIME:disabled-or-rejection
feature	LARGE_FILE_DEFAULTS	feature:LARGE_FILE_DEFAULTS:enabled,feature:LARGE_FILE_DEFAULTS:disabled-or-rejection
feature	LARGE_FILE_QUALIFICATION_TEST	feature:LARGE_FILE_QUALIFICATION_TEST:enabled,feature:LARGE_FILE_QUALIFICATION_TEST:disabled-or-rejection
feature	MMAP_FOR_CROSSCOMPILING	feature:MMAP_FOR_CROSSCOMPILING:enabled,feature:MMAP_FOR_CROSSCOMPILING:disabled-or-rejection
feature	DISABLE_MPOOL	feature:DISABLE_MPOOL:enabled,feature:DISABLE_MPOOL:disabled-or-rejection
feature	ENABLE_FUZZ	feature:ENABLE_FUZZ:enabled,feature:ENABLE_FUZZ:disabled-or-rejection
feature	ENABLE_EXTERNAL_MSPACK	feature:ENABLE_EXTERNAL_MSPACK:enabled,feature:ENABLE_EXTERNAL_MSPACK:disabled-or-rejection
feature	ENABLE_JSON_SHARED	feature:ENABLE_JSON_SHARED:enabled,feature:ENABLE_JSON_SHARED:disabled-or-rejection
feature	ENABLE_APP	feature:ENABLE_APP:enabled,feature:ENABLE_APP:disabled-or-rejection
feature	ENABLE_MILTER	feature:ENABLE_MILTER:enabled,feature:ENABLE_MILTER:disabled-or-rejection
feature	ENABLE_CLAMONACC	feature:ENABLE_CLAMONACC:enabled,feature:ENABLE_CLAMONACC:disabled-or-rejection
feature	ENABLE_MAN_PAGES	feature:ENABLE_MAN_PAGES:enabled,feature:ENABLE_MAN_PAGES:disabled-or-rejection
feature	ENABLE_DOXYGEN	feature:ENABLE_DOXYGEN:enabled,feature:ENABLE_DOXYGEN:disabled-or-rejection
feature	ENABLE_EXAMPLES	feature:ENABLE_EXAMPLES:enabled,feature:ENABLE_EXAMPLES:disabled-or-rejection
feature	ENABLE_TESTS	feature:ENABLE_TESTS:enabled,feature:ENABLE_TESTS:disabled-or-rejection
feature	ENABLE_LIBCLAMAV_ONLY	feature:ENABLE_LIBCLAMAV_ONLY:enabled,feature:ENABLE_LIBCLAMAV_ONLY:disabled-or-rejection
feature	ENABLE_STATIC_LIB	feature:ENABLE_STATIC_LIB:enabled,feature:ENABLE_STATIC_LIB:disabled-or-rejection
feature	ENABLE_SHARED_LIB	feature:ENABLE_SHARED_LIB:enabled,feature:ENABLE_SHARED_LIB:disabled-or-rejection
feature	ENABLE_UNRAR	feature:ENABLE_UNRAR:enabled,feature:ENABLE_UNRAR:disabled-or-rejection
feature	ENABLE_SYSTEMD	feature:ENABLE_SYSTEMD:enabled,feature:ENABLE_SYSTEMD:disabled-or-rejection
feature	ENABLE_WERROR	feature:ENABLE_WERROR:enabled,feature:ENABLE_WERROR:disabled-or-rejection
feature	ENABLE_ALL_THE_WARNINGS	feature:ENABLE_ALL_THE_WARNINGS:enabled,feature:ENABLE_ALL_THE_WARNINGS:disabled-or-rejection
feature	ENABLE_DEBUG	feature:ENABLE_DEBUG:enabled,feature:ENABLE_DEBUG:disabled-or-rejection
feature	ENABLE_EXPERIMENTAL	feature:ENABLE_EXPERIMENTAL:enabled,feature:ENABLE_EXPERIMENTAL:disabled-or-rejection
feature	ENABLE_FRESHCLAM_DNS_FIX	feature:ENABLE_FRESHCLAM_DNS_FIX:enabled,feature:ENABLE_FRESHCLAM_DNS_FIX:disabled-or-rejection
feature	ENABLE_FRESHCLAM_NO_CACHE	feature:ENABLE_FRESHCLAM_NO_CACHE:enabled,feature:ENABLE_FRESHCLAM_NO_CACHE:disabled-or-rejection
feature	ENABLE_STRN_INTERNAL	feature:ENABLE_STRN_INTERNAL:enabled,feature:ENABLE_STRN_INTERNAL:disabled-or-rejection
feature	MAINTAINER_MODE	feature:MAINTAINER_MODE:enabled,feature:MAINTAINER_MODE:disabled-or-rejection
feature	OPTIMIZE	feature:OPTIMIZE:enabled,feature:OPTIMIZE:disabled-or-rejection
unsupported	macos-first-release	unsupported:macos-first-release:unsupported-policy
unsupported	aarch64-first-release	unsupported:aarch64-first-release:unsupported-policy
unsupported	autoit-ea05-output-over-4g	unsupported:autoit-ea05-output-over-4g:unsupported-policy
unsupported	bytecode-v1-over-4g	unsupported:bytecode-v1-over-4g:unsupported-policy
unsupported	elf-legacy-metadata-over-4g	unsupported:elf-legacy-metadata-over-4g:unsupported-policy
unsupported	egg-compat-member-over-1g	unsupported:egg-compat-member-over-1g:unsupported-policy
library	egg-string-metadata-ranges	library:egg-string-metadata-ranges:complete,library:egg-string-metadata-ranges:late-detection,library:egg-string-metadata-ranges:fault
unsupported	egg-legacy-string-metadata-over-1g	unsupported:egg-legacy-string-metadata-over-1g:unsupported-policy
unsupported	legacy-callback-over-1g	unsupported:legacy-callback-over-1g:unsupported-policy
unsupported	image-fuzzy-over-contiguous-limit	unsupported:image-fuzzy-over-contiguous-limit:unsupported-policy
feature	onenote-modern-over-256m	feature:onenote-modern-over-256m:enabled,feature:onenote-modern-over-256m:disabled-or-rejection
feature	xar-subdocument-over-1g	feature:xar-subdocument-over-1g:enabled,feature:xar-subdocument-over-1g:disabled-or-rejection
feature	mail-legacy-materialization-over-64m	feature:mail-legacy-materialization-over-64m:enabled,feature:mail-legacy-materialization-over-64m:disabled-or-rejection
unsupported	pe32plus-legacy-x86-analysis	unsupported:pe32plus-legacy-x86-analysis:unsupported-policy
unsupported	pe-legacy-metadata-over-4g	unsupported:pe-legacy-metadata-over-4g:unsupported-policy
feature	pe-unpacker-over-1g	feature:pe-unpacker-over-1g:enabled,feature:pe-unpacker-over-1g:disabled-or-rejection
feature	pdf-stream-over-1g	feature:pdf-stream-over-1g:enabled,feature:pdf-stream-over-1g:disabled-or-rejection
library	vba-module-stream	library:vba-module-stream:complete,library:vba-module-stream:late-detection,library:vba-module-stream:fault
library	vba-project-directory	library:vba-project-directory:complete,library:vba-project-directory:late-detection,library:vba-project-directory:fault
unsupported	vba-callback-over-1g	unsupported:vba-callback-over-1g:unsupported-policy
unsupported	vba-project-directory-without-file-mapping	unsupported:vba-project-directory-without-file-mapping:unsupported-policy
parser	CL_TYPE_7Z	parser:CL_TYPE_7Z:valid-complete,parser:CL_TYPE_7Z:late-detection,parser:CL_TYPE_7Z:malformed-confirmed,parser:CL_TYPE_7Z:limit
parser	CL_TYPE_7ZSFX	parser:CL_TYPE_7ZSFX:valid-complete,parser:CL_TYPE_7ZSFX:late-detection,parser:CL_TYPE_7ZSFX:malformed-confirmed,parser:CL_TYPE_7ZSFX:limit
parser	CL_TYPE_AI_MODEL	parser:CL_TYPE_AI_MODEL:required-behavior,parser:CL_TYPE_AI_MODEL:required-failure
parser	CL_TYPE_ALZ	parser:CL_TYPE_ALZ:valid-complete,parser:CL_TYPE_ALZ:late-detection,parser:CL_TYPE_ALZ:malformed-confirmed,parser:CL_TYPE_ALZ:limit
parser	CL_TYPE_APM	parser:CL_TYPE_APM:valid-complete,parser:CL_TYPE_APM:late-detection,parser:CL_TYPE_APM:malformed-confirmed,parser:CL_TYPE_APM:limit
parser	CL_TYPE_ARJ	parser:CL_TYPE_ARJ:valid-complete,parser:CL_TYPE_ARJ:late-detection,parser:CL_TYPE_ARJ:malformed-confirmed,parser:CL_TYPE_ARJ:limit
parser	CL_TYPE_ARJSFX	parser:CL_TYPE_ARJSFX:valid-complete,parser:CL_TYPE_ARJSFX:late-detection,parser:CL_TYPE_ARJSFX:malformed-confirmed,parser:CL_TYPE_ARJSFX:limit
parser	CL_TYPE_AUTOIT	parser:CL_TYPE_AUTOIT:valid-complete,parser:CL_TYPE_AUTOIT:late-detection,parser:CL_TYPE_AUTOIT:malformed-confirmed,parser:CL_TYPE_AUTOIT:limit
parser	CL_TYPE_BINARY_DATA	parser:CL_TYPE_BINARY_DATA:valid-complete,parser:CL_TYPE_BINARY_DATA:late-detection,parser:CL_TYPE_BINARY_DATA:malformed-confirmed,parser:CL_TYPE_BINARY_DATA:limit
library	mydoom-map	library:mydoom-map:complete,library:mydoom-map:late-detection,library:mydoom-map:fault
parser	CL_TYPE_BINHEX	parser:CL_TYPE_BINHEX:valid-complete,parser:CL_TYPE_BINHEX:late-detection,parser:CL_TYPE_BINHEX:malformed-confirmed,parser:CL_TYPE_BINHEX:limit
library	binhex-map	library:binhex-map:complete,library:binhex-map:late-detection,library:binhex-map:fault
library	binhex-sticky-completion	library:binhex-sticky-completion:complete,library:binhex-sticky-completion:late-detection,library:binhex-sticky-completion:fault
parser	CL_TYPE_BZ	parser:CL_TYPE_BZ:valid-complete,parser:CL_TYPE_BZ:late-detection,parser:CL_TYPE_BZ:malformed-confirmed,parser:CL_TYPE_BZ:limit
parser	CL_TYPE_CABSFX	parser:CL_TYPE_CABSFX:valid-complete,parser:CL_TYPE_CABSFX:late-detection,parser:CL_TYPE_CABSFX:malformed-confirmed,parser:CL_TYPE_CABSFX:limit
parser	CL_TYPE_CPIO_CRC	parser:CL_TYPE_CPIO_CRC:valid-complete,parser:CL_TYPE_CPIO_CRC:late-detection,parser:CL_TYPE_CPIO_CRC:malformed-confirmed,parser:CL_TYPE_CPIO_CRC:limit
library	cpio-old-size-arithmetic	library:cpio-old-size-arithmetic:complete,library:cpio-old-size-arithmetic:late-detection,library:cpio-old-size-arithmetic:fault
library	cpio-scan-state-admission	library:cpio-scan-state-admission:complete,library:cpio-scan-state-admission:late-detection,library:cpio-scan-state-admission:fault
parser	CL_TYPE_CPIO_NEWC	parser:CL_TYPE_CPIO_NEWC:valid-complete,parser:CL_TYPE_CPIO_NEWC:late-detection,parser:CL_TYPE_CPIO_NEWC:malformed-confirmed,parser:CL_TYPE_CPIO_NEWC:limit
parser	CL_TYPE_CPIO_ODC	parser:CL_TYPE_CPIO_ODC:valid-complete,parser:CL_TYPE_CPIO_ODC:late-detection,parser:CL_TYPE_CPIO_ODC:malformed-confirmed,parser:CL_TYPE_CPIO_ODC:limit
parser	CL_TYPE_CPIO_OLD	parser:CL_TYPE_CPIO_OLD:valid-complete,parser:CL_TYPE_CPIO_OLD:late-detection,parser:CL_TYPE_CPIO_OLD:malformed-confirmed,parser:CL_TYPE_CPIO_OLD:limit
parser	CL_TYPE_CRYPTFF	parser:CL_TYPE_CRYPTFF:valid-complete,parser:CL_TYPE_CRYPTFF:late-detection,parser:CL_TYPE_CRYPTFF:malformed-confirmed,parser:CL_TYPE_CRYPTFF:limit
parser	CL_TYPE_DMG	parser:CL_TYPE_DMG:valid-complete,parser:CL_TYPE_DMG:late-detection,parser:CL_TYPE_DMG:malformed-confirmed,parser:CL_TYPE_DMG:limit
parser	CL_TYPE_EGG	parser:CL_TYPE_EGG:valid-complete,parser:CL_TYPE_EGG:late-detection,parser:CL_TYPE_EGG:malformed-confirmed,parser:CL_TYPE_EGG:limit
parser	CL_TYPE_EGGSFX	parser:CL_TYPE_EGGSFX:valid-complete,parser:CL_TYPE_EGGSFX:late-detection,parser:CL_TYPE_EGGSFX:malformed-confirmed,parser:CL_TYPE_EGGSFX:limit
parser	CL_TYPE_ELF	parser:CL_TYPE_ELF:valid-complete,parser:CL_TYPE_ELF:late-detection,parser:CL_TYPE_ELF:malformed-confirmed,parser:CL_TYPE_ELF:limit
library	elf-map	library:elf-map:complete,library:elf-map:late-detection,library:elf-map:fault
parser	CL_TYPE_GIF	parser:CL_TYPE_GIF:valid-complete,parser:CL_TYPE_GIF:late-detection,parser:CL_TYPE_GIF:malformed-confirmed,parser:CL_TYPE_GIF:limit
parser	CL_TYPE_GPT	parser:CL_TYPE_GPT:valid-complete,parser:CL_TYPE_GPT:late-detection,parser:CL_TYPE_GPT:malformed-confirmed,parser:CL_TYPE_GPT:limit
parser	CL_TYPE_GRAPHICS	parser:CL_TYPE_GRAPHICS:valid-complete,parser:CL_TYPE_GRAPHICS:late-detection,parser:CL_TYPE_GRAPHICS:malformed-confirmed,parser:CL_TYPE_GRAPHICS:limit
parser	CL_TYPE_GZ	parser:CL_TYPE_GZ:valid-complete,parser:CL_TYPE_GZ:late-detection,parser:CL_TYPE_GZ:malformed-confirmed,parser:CL_TYPE_GZ:limit
parser	CL_TYPE_HTML	parser:CL_TYPE_HTML:valid-complete,parser:CL_TYPE_HTML:late-detection,parser:CL_TYPE_HTML:malformed-confirmed,parser:CL_TYPE_HTML:limit
parser	CL_TYPE_HTML_UTF16	parser:CL_TYPE_HTML_UTF16:valid-complete,parser:CL_TYPE_HTML_UTF16:late-detection,parser:CL_TYPE_HTML_UTF16:malformed-confirmed,parser:CL_TYPE_HTML_UTF16:limit
parser	CL_TYPE_HWP3	parser:CL_TYPE_HWP3:valid-complete,parser:CL_TYPE_HWP3:late-detection,parser:CL_TYPE_HWP3:malformed-confirmed,parser:CL_TYPE_HWP3:limit
library	hwp3-map	library:hwp3-map:complete,library:hwp3-map:late-detection,library:hwp3-map:fault
parser	CL_TYPE_HWPOLE2	parser:CL_TYPE_HWPOLE2:valid-complete,parser:CL_TYPE_HWPOLE2:late-detection,parser:CL_TYPE_HWPOLE2:malformed-confirmed,parser:CL_TYPE_HWPOLE2:limit
parser	CL_TYPE_IGNORED	parser:CL_TYPE_IGNORED:required-behavior,parser:CL_TYPE_IGNORED:required-failure
parser	CL_TYPE_ISHIELD_MSI	parser:CL_TYPE_ISHIELD_MSI:valid-complete,parser:CL_TYPE_ISHIELD_MSI:late-detection,parser:CL_TYPE_ISHIELD_MSI:malformed-confirmed,parser:CL_TYPE_ISHIELD_MSI:limit
parser	CL_TYPE_ISO9660	parser:CL_TYPE_ISO9660:valid-complete,parser:CL_TYPE_ISO9660:late-detection,parser:CL_TYPE_ISO9660:malformed-confirmed,parser:CL_TYPE_ISO9660:limit
library	iso-temporary-output-status-propagation	library:iso-temporary-output-status-propagation:complete,library:iso-temporary-output-status-propagation:late-detection,library:iso-temporary-output-status-propagation:fault
library	iso-options-admission	library:iso-options-admission:complete,library:iso-options-admission:late-detection,library:iso-options-admission:fault
parser	CL_TYPE_JPEG	parser:CL_TYPE_JPEG:valid-complete,parser:CL_TYPE_JPEG:late-detection,parser:CL_TYPE_JPEG:malformed-confirmed,parser:CL_TYPE_JPEG:limit
parser	CL_TYPE_LHA_LZH	parser:CL_TYPE_LHA_LZH:valid-complete,parser:CL_TYPE_LHA_LZH:late-detection,parser:CL_TYPE_LHA_LZH:malformed-confirmed,parser:CL_TYPE_LHA_LZH:limit
parser	CL_TYPE_MACHO	parser:CL_TYPE_MACHO:valid-complete,parser:CL_TYPE_MACHO:late-detection,parser:CL_TYPE_MACHO:malformed-confirmed,parser:CL_TYPE_MACHO:limit
parser	CL_TYPE_MACHO_UNIBIN	parser:CL_TYPE_MACHO_UNIBIN:valid-complete,parser:CL_TYPE_MACHO_UNIBIN:late-detection,parser:CL_TYPE_MACHO_UNIBIN:malformed-confirmed,parser:CL_TYPE_MACHO_UNIBIN:limit
library	macho-map	library:macho-map:complete,library:macho-map:late-detection,library:macho-map:fault
parser	CL_TYPE_MAIL	parser:CL_TYPE_MAIL:valid-complete,parser:CL_TYPE_MAIL:late-detection,parser:CL_TYPE_MAIL:malformed-confirmed,parser:CL_TYPE_MAIL:limit
library	mbox-map	library:mbox-map:complete,library:mbox-map:late-detection,library:mbox-map:fault
parser	CL_TYPE_MBR	parser:CL_TYPE_MBR:valid-complete,parser:CL_TYPE_MBR:late-detection,parser:CL_TYPE_MBR:malformed-confirmed,parser:CL_TYPE_MBR:limit
parser	CL_TYPE_MHTML	parser:CL_TYPE_MHTML:valid-complete,parser:CL_TYPE_MHTML:late-detection,parser:CL_TYPE_MHTML:malformed-confirmed,parser:CL_TYPE_MHTML:limit
parser	CL_TYPE_MSCAB	parser:CL_TYPE_MSCAB:valid-complete,parser:CL_TYPE_MSCAB:late-detection,parser:CL_TYPE_MSCAB:malformed-confirmed,parser:CL_TYPE_MSCAB:limit
parser	CL_TYPE_MSCHM	parser:CL_TYPE_MSCHM:valid-complete,parser:CL_TYPE_MSCHM:late-detection,parser:CL_TYPE_MSCHM:malformed-confirmed,parser:CL_TYPE_MSCHM:limit
parser	CL_TYPE_MSEXE	parser:CL_TYPE_MSEXE:valid-complete,parser:CL_TYPE_MSEXE:late-detection,parser:CL_TYPE_MSEXE:malformed-confirmed,parser:CL_TYPE_MSEXE:limit
parser	CL_TYPE_MSOLE2	parser:CL_TYPE_MSOLE2:valid-complete,parser:CL_TYPE_MSOLE2:late-detection,parser:CL_TYPE_MSOLE2:malformed-confirmed,parser:CL_TYPE_MSOLE2:limit
parser	CL_TYPE_MSSZDD	parser:CL_TYPE_MSSZDD:valid-complete,parser:CL_TYPE_MSSZDD:late-detection,parser:CL_TYPE_MSSZDD:malformed-confirmed,parser:CL_TYPE_MSSZDD:limit
library	msexpand-map	library:msexpand-map:complete,library:msexpand-map:late-detection,library:msexpand-map:fault
parser	CL_TYPE_NULSFT	parser:CL_TYPE_NULSFT:valid-complete,parser:CL_TYPE_NULSFT:late-detection,parser:CL_TYPE_NULSFT:malformed-confirmed,parser:CL_TYPE_NULSFT:limit
parser	CL_TYPE_OLD_TAR	parser:CL_TYPE_OLD_TAR:valid-complete,parser:CL_TYPE_OLD_TAR:late-detection,parser:CL_TYPE_OLD_TAR:malformed-confirmed,parser:CL_TYPE_OLD_TAR:limit
parser	CL_TYPE_ONENOTE	parser:CL_TYPE_ONENOTE:valid-complete,parser:CL_TYPE_ONENOTE:late-detection,parser:CL_TYPE_ONENOTE:malformed-confirmed,parser:CL_TYPE_ONENOTE:limit
parser	CL_TYPE_OOXML_HWP	parser:CL_TYPE_OOXML_HWP:valid-complete,parser:CL_TYPE_OOXML_HWP:late-detection,parser:CL_TYPE_OOXML_HWP:malformed-confirmed,parser:CL_TYPE_OOXML_HWP:limit
parser	CL_TYPE_OOXML_PPT	parser:CL_TYPE_OOXML_PPT:valid-complete,parser:CL_TYPE_OOXML_PPT:late-detection,parser:CL_TYPE_OOXML_PPT:malformed-confirmed,parser:CL_TYPE_OOXML_PPT:limit
parser	CL_TYPE_OOXML_WORD	parser:CL_TYPE_OOXML_WORD:valid-complete,parser:CL_TYPE_OOXML_WORD:late-detection,parser:CL_TYPE_OOXML_WORD:malformed-confirmed,parser:CL_TYPE_OOXML_WORD:limit
parser	CL_TYPE_OOXML_XL	parser:CL_TYPE_OOXML_XL:valid-complete,parser:CL_TYPE_OOXML_XL:late-detection,parser:CL_TYPE_OOXML_XL:malformed-confirmed,parser:CL_TYPE_OOXML_XL:limit
parser	CL_TYPE_PART_HFSPLUS	parser:CL_TYPE_PART_HFSPLUS:valid-complete,parser:CL_TYPE_PART_HFSPLUS:late-detection,parser:CL_TYPE_PART_HFSPLUS:malformed-confirmed,parser:CL_TYPE_PART_HFSPLUS:limit
parser	CL_TYPE_PDF	parser:CL_TYPE_PDF:valid-complete,parser:CL_TYPE_PDF:late-detection,parser:CL_TYPE_PDF:malformed-confirmed,parser:CL_TYPE_PDF:limit
parser	CL_TYPE_PNG	parser:CL_TYPE_PNG:valid-complete,parser:CL_TYPE_PNG:late-detection,parser:CL_TYPE_PNG:malformed-confirmed,parser:CL_TYPE_PNG:limit
parser	CL_TYPE_POSIX_TAR	parser:CL_TYPE_POSIX_TAR:valid-complete,parser:CL_TYPE_POSIX_TAR:late-detection,parser:CL_TYPE_POSIX_TAR:malformed-confirmed,parser:CL_TYPE_POSIX_TAR:limit
library	tar-member-output-admission	library:tar-member-output-admission:complete,library:tar-member-output-admission:late-detection,library:tar-member-output-admission:fault
parser	CL_TYPE_PYTHON_COMPILED	parser:CL_TYPE_PYTHON_COMPILED:required-behavior,parser:CL_TYPE_PYTHON_COMPILED:required-failure
parser	CL_TYPE_RAR	parser:CL_TYPE_RAR:required-behavior,parser:CL_TYPE_RAR:required-failure
parser	CL_TYPE_RARSFX	parser:CL_TYPE_RARSFX:required-behavior,parser:CL_TYPE_RARSFX:required-failure
parser	CL_TYPE_RIFF	parser:CL_TYPE_RIFF:valid-complete,parser:CL_TYPE_RIFF:late-detection,parser:CL_TYPE_RIFF:malformed-confirmed,parser:CL_TYPE_RIFF:limit
parser	CL_TYPE_RTF	parser:CL_TYPE_RTF:valid-complete,parser:CL_TYPE_RTF:late-detection,parser:CL_TYPE_RTF:malformed-confirmed,parser:CL_TYPE_RTF:limit
parser	CL_TYPE_SCRENC	parser:CL_TYPE_SCRENC:valid-complete,parser:CL_TYPE_SCRENC:late-detection,parser:CL_TYPE_SCRENC:malformed-confirmed,parser:CL_TYPE_SCRENC:limit
parser	CL_TYPE_SCRIPT	parser:CL_TYPE_SCRIPT:valid-complete,parser:CL_TYPE_SCRIPT:late-detection,parser:CL_TYPE_SCRIPT:malformed-confirmed,parser:CL_TYPE_SCRIPT:limit
parser	CL_TYPE_SIS	parser:CL_TYPE_SIS:valid-complete,parser:CL_TYPE_SIS:late-detection,parser:CL_TYPE_SIS:malformed-confirmed,parser:CL_TYPE_SIS:limit
library	sis-buffered-cursor-range	library:sis-buffered-cursor-range:complete,library:sis-buffered-cursor-range:late-detection,library:sis-buffered-cursor-range:fault
library	sis9x-physical-field-boundary	library:sis9x-physical-field-boundary:complete,library:sis9x-physical-field-boundary:late-detection,library:sis9x-physical-field-boundary:fault
parser	CL_TYPE_SWF	parser:CL_TYPE_SWF:valid-complete,parser:CL_TYPE_SWF:late-detection,parser:CL_TYPE_SWF:malformed-confirmed,parser:CL_TYPE_SWF:limit
library	swf-map	library:swf-map:complete,library:swf-map:late-detection,library:swf-map:fault
parser	CL_TYPE_TEXT_ASCII	parser:CL_TYPE_TEXT_ASCII:valid-complete,parser:CL_TYPE_TEXT_ASCII:late-detection,parser:CL_TYPE_TEXT_ASCII:malformed-confirmed,parser:CL_TYPE_TEXT_ASCII:limit
library	structured-map	library:structured-map:complete,library:structured-map:late-detection,library:structured-map:fault
parser	CL_TYPE_TEXT_UTF16BE	parser:CL_TYPE_TEXT_UTF16BE:valid-complete,parser:CL_TYPE_TEXT_UTF16BE:late-detection,parser:CL_TYPE_TEXT_UTF16BE:malformed-confirmed,parser:CL_TYPE_TEXT_UTF16BE:limit
parser	CL_TYPE_TEXT_UTF16LE	parser:CL_TYPE_TEXT_UTF16LE:valid-complete,parser:CL_TYPE_TEXT_UTF16LE:late-detection,parser:CL_TYPE_TEXT_UTF16LE:malformed-confirmed,parser:CL_TYPE_TEXT_UTF16LE:limit
parser	CL_TYPE_TEXT_UTF8	parser:CL_TYPE_TEXT_UTF8:valid-complete,parser:CL_TYPE_TEXT_UTF8:late-detection,parser:CL_TYPE_TEXT_UTF8:malformed-confirmed,parser:CL_TYPE_TEXT_UTF8:limit
parser	CL_TYPE_TIFF	parser:CL_TYPE_TIFF:valid-complete,parser:CL_TYPE_TIFF:late-detection,parser:CL_TYPE_TIFF:malformed-confirmed,parser:CL_TYPE_TIFF:limit
parser	CL_TYPE_TNEF	parser:CL_TYPE_TNEF:valid-complete,parser:CL_TYPE_TNEF:late-detection,parser:CL_TYPE_TNEF:malformed-confirmed,parser:CL_TYPE_TNEF:limit
parser	CL_TYPE_UDF	parser:CL_TYPE_UDF:valid-complete,parser:CL_TYPE_UDF:late-detection,parser:CL_TYPE_UDF:malformed-confirmed,parser:CL_TYPE_UDF:limit
parser	CL_TYPE_UUENCODED	parser:CL_TYPE_UUENCODED:valid-complete,parser:CL_TYPE_UUENCODED:late-detection,parser:CL_TYPE_UUENCODED:malformed-confirmed,parser:CL_TYPE_UUENCODED:limit
parser	CL_TYPE_XAR	parser:CL_TYPE_XAR:valid-complete,parser:CL_TYPE_XAR:late-detection,parser:CL_TYPE_XAR:malformed-confirmed,parser:CL_TYPE_XAR:limit
library	xar-heap-extent	library:xar-heap-extent:complete,library:xar-heap-extent:late-detection,library:xar-heap-extent:fault
library	xar-map	library:xar-map:complete,library:xar-map:late-detection,library:xar-map:fault
parser	CL_TYPE_XDP	parser:CL_TYPE_XDP:valid-complete,parser:CL_TYPE_XDP:late-detection,parser:CL_TYPE_XDP:malformed-confirmed,parser:CL_TYPE_XDP:limit
parser	CL_TYPE_XML_HWP	parser:CL_TYPE_XML_HWP:valid-complete,parser:CL_TYPE_XML_HWP:late-detection,parser:CL_TYPE_XML_HWP:malformed-confirmed,parser:CL_TYPE_XML_HWP:limit
parser	CL_TYPE_XML_WORD	parser:CL_TYPE_XML_WORD:valid-complete,parser:CL_TYPE_XML_WORD:late-detection,parser:CL_TYPE_XML_WORD:malformed-confirmed,parser:CL_TYPE_XML_WORD:limit
parser	CL_TYPE_XML_XL	parser:CL_TYPE_XML_XL:valid-complete,parser:CL_TYPE_XML_XL:late-detection,parser:CL_TYPE_XML_XL:malformed-confirmed,parser:CL_TYPE_XML_XL:limit
parser	CL_TYPE_XZ	parser:CL_TYPE_XZ:valid-complete,parser:CL_TYPE_XZ:late-detection,parser:CL_TYPE_XZ:malformed-confirmed,parser:CL_TYPE_XZ:limit
parser	CL_TYPE_ZIP	parser:CL_TYPE_ZIP:valid-complete,parser:CL_TYPE_ZIP:late-detection,parser:CL_TYPE_ZIP:malformed-confirmed,parser:CL_TYPE_ZIP:limit
library	zip-map	library:zip-map:complete,library:zip-map:late-detection,library:zip-map:fault
parser	CL_TYPE_ZIPSFX	parser:CL_TYPE_ZIPSFX:valid-complete,parser:CL_TYPE_ZIPSFX:late-detection,parser:CL_TYPE_ZIPSFX:malformed-confirmed,parser:CL_TYPE_ZIPSFX:limit
library	zip-sfx-central-admission	library:zip-sfx-central-admission:complete,library:zip-sfx-central-admission:late-detection,library:zip-sfx-central-admission:fault
feature	SERVICE_POSTRUN_EVIDENCE	feature:SERVICE_POSTRUN_EVIDENCE:enabled,feature:SERVICE_POSTRUN_EVIDENCE:disabled-or-rejection
feature	SERVICE_ORACLE_CONSISTENCY	feature:SERVICE_ORACLE_CONSISTENCY:enabled,feature:SERVICE_ORACLE_CONSISTENCY:disabled-or-rejection
feature	CLAMD_REPORT_FINAL_STATUS_RECONCILIATION	feature:CLAMD_REPORT_FINAL_STATUS_RECONCILIATION:enabled,feature:CLAMD_REPORT_FINAL_STATUS_RECONCILIATION:disabled-or-rejection
library	html-normalizer-api-boundary	library:html-normalizer-api-boundary:complete,library:html-normalizer-api-boundary:late-detection,library:html-normalizer-api-boundary:fault
library	matcher-api-boundary	library:matcher-api-boundary:complete,library:matcher-api-boundary:late-detection,library:matcher-api-boundary:fault
library	fileblob-cleanup-context	library:fileblob-cleanup-context:complete,library:fileblob-cleanup-context:late-detection,library:fileblob-cleanup-context:fault
library	bytecode-context-cleanup	library:bytecode-context-cleanup:complete,library:bytecode-context-cleanup:late-detection,library:bytecode-context-cleanup:fault
library	bytecode-engine-query-context	library:bytecode-engine-query-context:complete,library:bytecode-engine-query-context:late-detection,library:bytecode-engine-query-context:fault
library	pdf-entry-context	library:pdf-entry-context:complete,library:pdf-entry-context:late-detection,library:pdf-entry-context:fault
library	native-executable-entry-context	library:native-executable-entry-context:complete,library:native-executable-entry-context:late-detection,library:native-executable-entry-context:fault
library	pe-entry-context	library:pe-entry-context:complete,library:pe-entry-context:late-detection,library:pe-entry-context:fault
library	autoit-entry-context	library:autoit-entry-context:complete,library:autoit-entry-context:late-detection,library:autoit-entry-context:fault
library	mspack-entry-context	library:mspack-entry-context:complete,library:mspack-entry-context:late-detection,library:mspack-entry-context:fault
library	mspack-file-read-callback	library:mspack-file-read-callback:complete,library:mspack-file-read-callback:late-detection,library:mspack-file-read-callback:fault
library	zip-entry-context	library:zip-entry-context:complete,library:zip-entry-context:late-detection,library:zip-entry-context:fault
library	7z-entry-context	library:7z-entry-context:complete,library:7z-entry-context:late-detection,library:7z-entry-context:fault
library	7z-sfx-header-sticky-completion	library:7z-sfx-header-sticky-completion:complete,library:7z-sfx-header-sticky-completion:late-detection,library:7z-sfx-header-sticky-completion:fault
library	pe-metadata-helper-context	library:pe-metadata-helper-context:complete,library:pe-metadata-helper-context:late-detection,library:pe-metadata-helper-context:fault
library	resource-limit-helper-context	library:resource-limit-helper-context:complete,library:resource-limit-helper-context:late-detection,library:resource-limit-helper-context:fault
library	recursion-stack-context	library:recursion-stack-context:complete,library:recursion-stack-context:late-detection,library:recursion-stack-context:fault
library	hwp5-stream-context	library:hwp5-stream-context:complete,library:hwp5-stream-context:late-detection,library:hwp5-stream-context:fault
library	pe-icon-context	library:pe-icon-context:complete,library:pe-icon-context:late-detection,library:pe-icon-context:fault
library	ole2-mso-prefix-context	library:ole2-mso-prefix-context:complete,library:ole2-mso-prefix-context:late-detection,library:ole2-mso-prefix-context:fault
library	vba-project-directory-context	library:vba-project-directory-context:complete,library:vba-project-directory-context:late-detection,library:vba-project-directory-context:fault
library	ole10-sticky-completion	library:ole10-sticky-completion:complete,library:ole10-sticky-completion:late-detection,library:ole10-sticky-completion:fault
library	ole2-property-name-context	library:ole2-property-name-context:complete,library:ole2-property-name-context:late-detection,library:ole2-property-name-context:fault
library	ole2-summary-context	library:ole2-summary-context:complete,library:ole2-summary-context:late-detection,library:ole2-summary-context:fault
library	hwp5-header-context	library:hwp5-header-context:complete,library:hwp5-header-context:late-detection,library:hwp5-header-context:fault
library	ole10-entry-context	library:ole10-entry-context:complete,library:ole10-entry-context:late-detection,library:ole10-entry-context:fault
library	ppt-vba-entry-context	library:ppt-vba-entry-context:complete,library:ppt-vba-entry-context:late-detection,library:ppt-vba-entry-context:fault
library	msxml-reader-context	library:msxml-reader-context:complete,library:msxml-reader-context:late-detection,library:msxml-reader-context:fault
library	msxml-stream-context	library:msxml-stream-context:complete,library:msxml-stream-context:late-detection,library:msxml-stream-context:fault
library	binhex-entry-context	library:binhex-entry-context:complete,library:binhex-entry-context:late-detection,library:binhex-entry-context:fault
library	rust-parser-engine-admission	library:rust-parser-engine-admission:complete,library:rust-parser-engine-admission:late-detection,library:rust-parser-engine-admission:fault
library	mbr-type-confirmation	library:mbr-type-confirmation:complete,library:mbr-type-confirmation:late-detection,library:mbr-type-confirmation:fault
library	mbr-zero-length-partition-admission	library:mbr-zero-length-partition-admission:complete,library:mbr-zero-length-partition-admission:late-detection,library:mbr-zero-length-partition-admission:fault
library	xar-lzma-stream-completion	library:xar-lzma-stream-completion:complete,library:xar-lzma-stream-completion:late-detection,library:xar-lzma-stream-completion:fault
library	xar-compressed-output-size	library:xar-compressed-output-size:complete,library:xar-compressed-output-size:late-detection,library:xar-compressed-output-size:fault
library	yara-matcher-state-admission	library:yara-matcher-state-admission:complete,library:yara-matcher-state-admission:late-detection,library:yara-matcher-state-admission:fault
library	7z-legacy-fallback-output	library:7z-legacy-fallback-output:complete,library:7z-legacy-fallback-output:late-detection,library:7z-legacy-fallback-output:fault
library	gif-short-signature	library:gif-short-signature:complete,library:gif-short-signature:late-detection,library:gif-short-signature:fault
library	sis9x-fixed-field-metadata	library:sis9x-fixed-field-metadata:complete,library:sis9x-fixed-field-metadata:late-detection,library:sis9x-fixed-field-metadata:fault
library	binhex-empty-stream-admission	library:binhex-empty-stream-admission:complete,library:binhex-empty-stream-admission:late-detection,library:binhex-empty-stream-admission:fault
library	cpio-invalid-header-admission	library:cpio-invalid-header-admission:complete,library:cpio-invalid-header-admission:late-detection,library:cpio-invalid-header-admission:fault
library	gpt-secondary-header-admission	library:gpt-secondary-header-admission:complete,library:gpt-secondary-header-admission:late-detection,library:gpt-secondary-header-admission:fault
library	gpt-zero-length-partition-admission	library:gpt-zero-length-partition-admission:complete,library:gpt-zero-length-partition-admission:late-detection,library:gpt-zero-length-partition-admission:fault
library	apm-zero-length-partition-admission	library:apm-zero-length-partition-admission:complete,library:apm-zero-length-partition-admission:late-detection,library:apm-zero-length-partition-admission:fault
library	hfsplus-volume-header-read-status	library:hfsplus-volume-header-read-status:complete,library:hfsplus-volume-header-read-status:late-detection,library:hfsplus-volume-header-read-status:fault
library	arj-huffman-code-length-admission	library:arj-huffman-code-length-admission:complete,library:arj-huffman-code-length-admission:late-detection,library:arj-huffman-code-length-admission:fault
library	7z-dynbuf-growth-admission	library:7z-dynbuf-growth-admission:complete,library:7z-dynbuf-growth-admission:late-detection,library:7z-dynbuf-growth-admission:fault
library	7z-stream-callback-admission	library:7z-stream-callback-admission:complete,library:7z-stream-callback-admission:late-detection,library:7z-stream-callback-admission:fault
library	7z-ppmd-input-accounting	library:7z-ppmd-input-accounting:complete,library:7z-ppmd-input-accounting:late-detection,library:7z-ppmd-input-accounting:fault
library	pespin-rebuilt-output-size	library:pespin-rebuilt-output-size:complete,library:pespin-rebuilt-output-size:late-detection,library:pespin-rebuilt-output-size:fault
library	bytecode-header-table-size	library:bytecode-header-table-size:complete,library:bytecode-header-table-size:late-detection,library:bytecode-header-table-size:fault
library	mew-section-table-size	library:mew-section-table-size:complete,library:mew-section-table-size:late-detection,library:mew-section-table-size:fault
library	aspack-block-buffer-size	library:aspack-block-buffer-size:complete,library:aspack-block-buffer-size:late-detection,library:aspack-block-buffer-size:fault
library	bm-pattern-table-size	library:bm-pattern-table-size:complete,library:bm-pattern-table-size:late-detection,library:bm-pattern-table-size:fault
library	str2hex-output-size	library:str2hex-output-size:complete,library:str2hex-output-size:late-detection,library:str2hex-output-size:fault
library	base64-length-admission	library:base64-length-admission:complete,library:base64-length-admission:late-detection,library:base64-length-admission:fault
library	uniq-table-size	library:uniq-table-size:complete,library:uniq-table-size:late-detection,library:uniq-table-size:fault
library	bytecode-json-api-admission	library:bytecode-json-api-admission:complete,library:bytecode-json-api-admission:late-detection,library:bytecode-json-api-admission:fault
library	bytecode-api-constructor-atomicity	library:bytecode-api-constructor-atomicity:complete,library:bytecode-api-constructor-atomicity:late-detection,library:bytecode-api-constructor-atomicity:fault
library	bytecode-bzip2-decoder-finalization	library:bytecode-bzip2-decoder-finalization:complete,library:bytecode-bzip2-decoder-finalization:late-detection,library:bytecode-bzip2-decoder-finalization:fault
library	nsis-bzip2-decoder-finalization	library:nsis-bzip2-decoder-finalization:complete,library:nsis-bzip2-decoder-finalization:late-detection,library:nsis-bzip2-decoder-finalization:fault
library	ftw-entry-table-size	library:ftw-entry-table-size:complete,library:ftw-entry-table-size:late-detection,library:ftw-entry-table-size:fault
library	htmlnorm-pointer-table-size	library:htmlnorm-pointer-table-size:complete,library:htmlnorm-pointer-table-size:late-detection,library:htmlnorm-pointer-table-size:fault
matcher	hash-table-size	matcher:hash-table-size:exact-tail,matcher:hash-table-size:limit,matcher:hash-table-size:fault
library	mime-message-table-size	library:mime-message-table-size:complete,library:mime-message-table-size:late-detection,library:mime-message-table-size:fault
library	readdb-table-size-admission	library:readdb-table-size-admission:complete,library:readdb-table-size-admission:late-detection,library:readdb-table-size-admission:fault
library	iconv-cache-table-size	library:iconv-cache-table-size:complete,library:iconv-cache-table-size:late-detection,library:iconv-cache-table-size:fault
library	regex-table-size	library:regex-table-size:complete,library:regex-table-size:late-detection,library:regex-table-size:fault
matcher	byte-compare-table-size	matcher:byte-compare-table-size:exact-tail,matcher:byte-compare-table-size:limit,matcher:byte-compare-table-size:fault
matcher	byte-compare-normalizer-admission	matcher:byte-compare-normalizer-admission:exact-tail,matcher:byte-compare-normalizer-admission:limit,matcher:byte-compare-normalizer-admission:fault
library	phishcheck-url-canon-boundary	library:phishcheck-url-canon-boundary:complete,library:phishcheck-url-canon-boundary:late-detection,library:phishcheck-url-canon-boundary:fault
matcher	ac-root-table-admission	matcher:ac-root-table-admission:exact-tail,matcher:ac-root-table-admission:limit,matcher:ac-root-table-admission:fault
matcher	pcre-meta-table-admission	matcher:pcre-meta-table-admission:exact-tail,matcher:pcre-meta-table-admission:limit,matcher:pcre-meta-table-admission:fault
library	bytecode-vm-pointer-table-admission	library:bytecode-vm-pointer-table-admission:complete,library:bytecode-vm-pointer-table-admission:late-detection,library:bytecode-vm-pointer-table-admission:fault
library	bytecode-layout-size-admission	library:bytecode-layout-size-admission:complete,library:bytecode-layout-size-admission:late-detection,library:bytecode-layout-size-admission:fault
library	jsnorm-decoder-table-admission	library:jsnorm-decoder-table-admission:complete,library:jsnorm-decoder-table-admission:late-detection,library:jsnorm-decoder-table-admission:fault
library	hashtab-capacity-admission	library:hashtab-capacity-admission:complete,library:hashtab-capacity-admission:late-detection,library:hashtab-capacity-admission:fault
library	stats-json-buffer	library:stats-json-buffer:complete,library:stats-json-buffer:late-detection,library:stats-json-buffer:fault
library	pdf-runlength-input-range	library:pdf-runlength-input-range:complete,library:pdf-runlength-input-range:late-detection,library:pdf-runlength-input-range:fault
library	pdf-runlength-end-marker	library:pdf-runlength-end-marker:complete,library:pdf-runlength-end-marker:late-detection,library:pdf-runlength-end-marker:fault
library	utf16-to-utf8-output-size	library:utf16-to-utf8-output-size:complete,library:utf16-to-utf8-output-size:late-detection,library:utf16-to-utf8-output-size:fault
library	pdf-encryption-workspace-admission	library:pdf-encryption-workspace-admission:complete,library:pdf-encryption-workspace-admission:late-detection,library:pdf-encryption-workspace-admission:fault
library	7z-name-buffer-replacement	library:7z-name-buffer-replacement:complete,library:7z-name-buffer-replacement:late-detection,library:7z-name-buffer-replacement:fault
library	7z-individual-allocation-ceiling	library:7z-individual-allocation-ceiling:complete,library:7z-individual-allocation-ceiling:late-detection,library:7z-individual-allocation-ceiling:fault
library	nsis-bzip2-allocation-ceiling	library:nsis-bzip2-allocation-ceiling:complete,library:nsis-bzip2-allocation-ceiling:late-detection,library:nsis-bzip2-allocation-ceiling:fault
library	codepage-conversion-output-ceiling	library:codepage-conversion-output-ceiling:complete,library:codepage-conversion-output-ceiling:late-detection,library:codepage-conversion-output-ceiling:fault
library	pdfng-string-materialization-admission	library:pdfng-string-materialization-admission:complete,library:pdfng-string-materialization-admission:late-detection,library:pdfng-string-materialization-admission:fault
library	mime-multipart-failure-visibility	library:mime-multipart-failure-visibility:complete,library:mime-multipart-failure-visibility:late-detection,library:mime-multipart-failure-visibility:fault
library	mime-header-constructor-failure-visibility	library:mime-header-constructor-failure-visibility:complete,library:mime-header-constructor-failure-visibility:late-detection,library:mime-header-constructor-failure-visibility:fault
library	mime-export-failure-visibility	library:mime-export-failure-visibility:complete,library:mime-export-failure-visibility:late-detection,library:mime-export-failure-visibility:fault
library	openioc-database-admission	library:openioc-database-admission:complete,library:openioc-database-admission:late-detection,library:openioc-database-admission:fault
library	scan-recursion-stack-admission	library:scan-recursion-stack-admission:complete,library:scan-recursion-stack-admission:late-detection,library:scan-recursion-stack-admission:fault
library	hashtab-set-export-admission	library:hashtab-set-export-admission:complete,library:hashtab-set-export-admission:late-detection,library:hashtab-set-export-admission:fault
matcher	ac-match-offset-growth-admission	matcher:ac-match-offset-growth-admission:exact-tail,matcher:ac-match-offset-growth-admission:limit,matcher:ac-match-offset-growth-admission:fault
library	production-cvd-numeric-header	library:production-cvd-numeric-header:complete,library:production-cvd-numeric-header:late-detection,library:production-cvd-numeric-header:fault
library	production-cvd-tar-size	library:production-cvd-tar-size:complete,library:production-cvd-tar-size:late-detection,library:production-cvd-tar-size:fault
library	htmlnorm-transactional-growth	library:htmlnorm-transactional-growth:complete,library:htmlnorm-transactional-growth:late-detection,library:htmlnorm-transactional-growth:fault
library	pe-unpacker-metadata-cleanup	library:pe-unpacker-metadata-cleanup:complete,library:pe-unpacker-metadata-cleanup:late-detection,library:pe-unpacker-metadata-cleanup:fault
library	ishield-cab-decoder-init-cleanup	library:ishield-cab-decoder-init-cleanup:complete,library:ishield-cab-decoder-init-cleanup:late-detection,library:ishield-cab-decoder-init-cleanup:fault
library	hwp-decompressor-init-cleanup	library:hwp-decompressor-init-cleanup:complete,library:hwp-decompressor-init-cleanup:late-detection,library:hwp-decompressor-init-cleanup:fault
library	hwp-decompressor-finalization	library:hwp-decompressor-finalization:complete,library:hwp-decompressor-finalization:late-detection,library:hwp-decompressor-finalization:fault
library	xar-gzip-member-decoder-init-cleanup	library:xar-gzip-member-decoder-init-cleanup:complete,library:xar-gzip-member-decoder-init-cleanup:late-detection,library:xar-gzip-member-decoder-init-cleanup:fault
library	bzip-concatenated-decoder-init-cleanup	library:bzip-concatenated-decoder-init-cleanup:complete,library:bzip-concatenated-decoder-init-cleanup:late-detection,library:bzip-concatenated-decoder-init-cleanup:fault
library	ole2-mso-decoder-init-cleanup	library:ole2-mso-decoder-init-cleanup:complete,library:ole2-mso-decoder-init-cleanup:late-detection,library:ole2-mso-decoder-init-cleanup:fault
library	nsis-nonsolid-decoder-timeout-cleanup	library:nsis-nonsolid-decoder-timeout-cleanup:complete,library:nsis-nonsolid-decoder-timeout-cleanup:late-detection,library:nsis-nonsolid-decoder-timeout-cleanup:fault
library	sis-wrapper-status-type	library:sis-wrapper-status-type:complete,library:sis-wrapper-status-type:late-detection,library:sis-wrapper-status-type:fault
library	mspack-filename-ferror-read	library:mspack-filename-ferror-read:complete,library:mspack-filename-ferror-read:late-detection,library:mspack-filename-ferror-read:fault
library	rust-reader-destination-admission	library:rust-reader-destination-admission:complete,library:rust-reader-destination-admission:late-detection,library:rust-reader-destination-admission:fault
library	mime-bounded-limit-admission	library:mime-bounded-limit-admission:complete,library:mime-bounded-limit-admission:late-detection,library:mime-bounded-limit-admission:fault
library	msexpand-coordinate-width	library:msexpand-coordinate-width:complete,library:msexpand-coordinate-width:late-detection,library:msexpand-coordinate-width:fault
library	sis9x-coordinate-width	library:sis9x-coordinate-width:complete,library:sis9x-coordinate-width:late-detection,library:sis9x-coordinate-width:fault
library	swf-output-size-arithmetic	library:swf-output-size-arithmetic:complete,library:swf-output-size-arithmetic:late-detection,library:swf-output-size-arithmetic:fault
library	fmap-handle-admission	library:fmap-handle-admission:complete,library:fmap-handle-admission:late-detection,library:fmap-handle-admission:fault
library	gpt-native-coordinate-admission	library:gpt-native-coordinate-admission:complete,library:gpt-native-coordinate-admission:late-detection,library:gpt-native-coordinate-admission:fault
library	production-cvd-position-admission	library:production-cvd-position-admission:complete,library:production-cvd-position-admission:late-detection,library:production-cvd-position-admission:fault
library	embedded-pe-legacy-coordinate-admission	library:embedded-pe-legacy-coordinate-admission:complete,library:embedded-pe-legacy-coordinate-admission:late-detection,library:embedded-pe-legacy-coordinate-admission:fault
library	arj-direct-entry-admission	library:arj-direct-entry-admission:complete,library:arj-direct-entry-admission:late-detection,library:arj-direct-entry-admission:fault
library	vba-legacy-project-seeks	library:vba-legacy-project-seeks:complete,library:vba-legacy-project-seeks:late-detection,library:vba-legacy-project-seeks:fault
library	ppt-compressed-atom-boundary	library:ppt-compressed-atom-boundary:complete,library:ppt-compressed-atom-boundary:late-detection,library:ppt-compressed-atom-boundary:fault
library	fmap-pdf-rewind-admission	library:fmap-pdf-rewind-admission:complete,library:fmap-pdf-rewind-admission:late-detection,library:fmap-pdf-rewind-admission:fault
library	onenote-mapped-input-contiguous-admission	library:onenote-mapped-input-contiguous-admission:complete,library:onenote-mapped-input-contiguous-admission:late-detection,library:onenote-mapped-input-contiguous-admission:fault
library	rust-cvd-unpack-borrow-admission	library:rust-cvd-unpack-borrow-admission:complete,library:rust-cvd-unpack-borrow-admission:late-detection,library:rust-cvd-unpack-borrow-admission:fault
library	pe-malformed-magic-admission	library:pe-malformed-magic-admission:complete,library:pe-malformed-magic-admission:late-detection,library:pe-malformed-magic-admission:fault
library	rust-parser-sticky-completion	library:rust-parser-sticky-completion:complete,library:rust-parser-sticky-completion:late-detection,library:rust-parser-sticky-completion:fault
library	magic-scan-context-admission	library:magic-scan-context-admission:complete,library:magic-scan-context-admission:late-detection,library:magic-scan-context-admission:fault
library	magic-scan-options-admission	library:magic-scan-options-admission:complete,library:magic-scan-options-admission:late-detection,library:magic-scan-options-admission:fault
library	magic-scan-dconf-admission	library:magic-scan-dconf-admission:complete,library:magic-scan-dconf-admission:late-detection,library:magic-scan-dconf-admission:fault
library	magic-scan-ingress-dconf-admission	library:magic-scan-ingress-dconf-admission:complete,library:magic-scan-ingress-dconf-admission:late-detection,library:magic-scan-ingress-dconf-admission:fault
library	magic-scan-ingress-options-admission	library:magic-scan-ingress-options-admission:complete,library:magic-scan-ingress-options-admission:late-detection,library:magic-scan-ingress-options-admission:fault
library	nested-scan-entrypoint-admission	library:nested-scan-entrypoint-admission:complete,library:nested-scan-entrypoint-admission:late-detection,library:nested-scan-entrypoint-admission:fault
library	directory-scan-engine-admission	library:directory-scan-engine-admission:complete,library:directory-scan-engine-admission:late-detection,library:directory-scan-engine-admission:fault
library	fmap-memory-input-admission	library:fmap-memory-input-admission:complete,library:fmap-memory-input-admission:late-detection,library:fmap-memory-input-admission:fault
library	scan-ingress-recursion-state	library:scan-ingress-recursion-state:complete,library:scan-ingress-recursion-state:late-detection,library:scan-ingress-recursion-state:fault
library	file-scan-entrypoint-admission	library:file-scan-entrypoint-admission:complete,library:file-scan-entrypoint-admission:late-detection,library:file-scan-entrypoint-admission:fault
library	sis9x-expected-field-admission	library:sis9x-expected-field-admission:complete,library:sis9x-expected-field-admission:late-detection,library:sis9x-expected-field-admission:fault
library	swf-compressed-sticky-completion	library:swf-compressed-sticky-completion:complete,library:swf-compressed-sticky-completion:late-detection,library:swf-compressed-sticky-completion:fault
library	egg-entry-boundaries	library:egg-entry-boundaries:complete,library:egg-entry-boundaries:late-detection,library:egg-entry-boundaries:fault
library	rar-entry-boundaries	library:rar-entry-boundaries:complete,library:rar-entry-boundaries:late-detection,library:rar-entry-boundaries:fault
library	pdf-entry-map-admission	library:pdf-entry-map-admission:complete,library:pdf-entry-map-admission:late-detection,library:pdf-entry-map-admission:fault
library	scan-api-output-admission	library:scan-api-output-admission:complete,library:scan-api-output-admission:late-detection,library:scan-api-output-admission:fault
library	scanfile-parameter-admission	library:scanfile-parameter-admission:complete,library:scanfile-parameter-admission:late-detection,library:scanfile-parameter-admission:fault
library	arj-entry-boundaries	library:arj-entry-boundaries:complete,library:arj-entry-boundaries:late-detection,library:arj-entry-boundaries:fault
library	arj-scan-header-failure-reconciliation	library:arj-scan-header-failure-reconciliation:complete,library:arj-scan-header-failure-reconciliation:late-detection,library:arj-scan-header-failure-reconciliation:fault
library	matcher-sticky-completion	library:matcher-sticky-completion:complete,library:matcher-sticky-completion:late-detection,library:matcher-sticky-completion:fault
library	matcher-metadata-engine-admission	library:matcher-metadata-engine-admission:complete,library:matcher-metadata-engine-admission:late-detection,library:matcher-metadata-engine-admission:fault
library	elf-metadata-sticky-completion	library:elf-metadata-sticky-completion:complete,library:elf-metadata-sticky-completion:late-detection,library:elf-metadata-sticky-completion:fault
library	macho-metadata-sticky-completion	library:macho-metadata-sticky-completion:complete,library:macho-metadata-sticky-completion:late-detection,library:macho-metadata-sticky-completion:fault
library	msxml-reader-initialization-failure	library:msxml-reader-initialization-failure:complete,library:msxml-reader-initialization-failure:late-detection,library:msxml-reader-initialization-failure:fault
library	mspack-header-sticky-completion	library:mspack-header-sticky-completion:complete,library:mspack-header-sticky-completion:late-detection,library:mspack-header-sticky-completion:fault
library	arjsfx-header-sticky-completion	library:arjsfx-header-sticky-completion:complete,library:arjsfx-header-sticky-completion:late-detection,library:arjsfx-header-sticky-completion:fault
library	nsis-sfx-header-sticky-completion	library:nsis-sfx-header-sticky-completion:complete,library:nsis-sfx-header-sticky-completion:late-detection,library:nsis-sfx-header-sticky-completion:fault
library	pdf-exported-metadata	library:pdf-exported-metadata:complete,library:pdf-exported-metadata:late-detection,library:pdf-exported-metadata:fault
library	pdf-preclassification-metadata-record-failure	library:pdf-preclassification-metadata-record-failure:complete,library:pdf-preclassification-metadata-record-failure:late-detection,library:pdf-preclassification-metadata-record-failure:fault
library	autoit-sfx-header-sticky-completion	library:autoit-sfx-header-sticky-completion:complete,library:autoit-sfx-header-sticky-completion:late-detection,library:autoit-sfx-header-sticky-completion:fault
library	ishield-msi-header-sticky-completion	library:ishield-msi-header-sticky-completion:complete,library:ishield-msi-header-sticky-completion:late-detection,library:ishield-msi-header-sticky-completion:fault
library	rar-sfx-header-sticky-completion	library:rar-sfx-header-sticky-completion:complete,library:rar-sfx-header-sticky-completion:late-detection,library:rar-sfx-header-sticky-completion:fault
library	sfx-header-map-admission	library:sfx-header-map-admission:complete,library:sfx-header-map-admission:late-detection,library:sfx-header-map-admission:fault
library	egg-sfx-header-context-admission	library:egg-sfx-header-context-admission:complete,library:egg-sfx-header-context-admission:late-detection,library:egg-sfx-header-context-admission:fault
library	pdf-embedded-header-context-admission	library:pdf-embedded-header-context-admission:complete,library:pdf-embedded-header-context-admission:late-detection,library:pdf-embedded-header-context-admission:fault
library	embedded-header-read-admission	library:embedded-header-read-admission:complete,library:embedded-header-read-admission:late-detection,library:embedded-header-read-admission:fault
library	ooxml-metadata-record-failure	library:ooxml-metadata-record-failure:complete,library:ooxml-metadata-record-failure:late-detection,library:ooxml-metadata-record-failure:fault
library	msxml-json-metadata-failure	library:msxml-json-metadata-failure:complete,library:msxml-json-metadata-failure:late-detection,library:msxml-json-metadata-failure:fault
library	pe-import-metadata-record-failure	library:pe-import-metadata-record-failure:complete,library:pe-import-metadata-record-failure:late-detection,library:pe-import-metadata-record-failure:fault
library	pe-import-result-reconciliation	library:pe-import-result-reconciliation:complete,library:pe-import-result-reconciliation:late-detection,library:pe-import-result-reconciliation:fault
library	pe-header-metadata-record-failure	library:pe-header-metadata-record-failure:complete,library:pe-header-metadata-record-failure:late-detection,library:pe-header-metadata-record-failure:fault
library	pe-packer-metadata-record-failure	library:pe-packer-metadata-record-failure:complete,library:pe-packer-metadata-record-failure:late-detection,library:pe-packer-metadata-record-failure:fault
library	pe-metadata-sticky-completion	library:pe-metadata-sticky-completion:complete,library:pe-metadata-sticky-completion:late-detection,library:pe-metadata-sticky-completion:fault
library	nested-scan-empty-completion	library:nested-scan-empty-completion:complete,library:nested-scan-empty-completion:late-detection,library:nested-scan-empty-completion:fault
library	udf-temporary-output-status-propagation	library:udf-temporary-output-status-propagation:complete,library:udf-temporary-output-status-propagation:late-detection,library:udf-temporary-output-status-propagation:fault
library	dmg-temporary-output-status-propagation	library:dmg-temporary-output-status-propagation:complete,library:dmg-temporary-output-status-propagation:late-detection,library:dmg-temporary-output-status-propagation:fault
library	screnc-resource-result-reconciliation	library:screnc-resource-result-reconciliation:complete,library:screnc-resource-result-reconciliation:late-detection,library:screnc-resource-result-reconciliation:fault
library	fileblob-status-propagation	library:fileblob-status-propagation:complete,library:fileblob-status-propagation:late-detection,library:fileblob-status-propagation:fault
library	tnef-fileblob-status-reconciliation	library:tnef-fileblob-status-reconciliation:complete,library:tnef-fileblob-status-reconciliation:late-detection,library:tnef-fileblob-status-reconciliation:fault
library	uuencode-fileblob-status-reconciliation	library:uuencode-fileblob-status-reconciliation:complete,library:uuencode-fileblob-status-reconciliation:late-detection,library:uuencode-fileblob-status-reconciliation:fault
library	mime-body-spool-status-propagation	library:mime-body-spool-status-propagation:complete,library:mime-body-spool-status-propagation:late-detection,library:mime-body-spool-status-propagation:fault
library	mime-body-export-status-propagation	library:mime-body-export-status-propagation:complete,library:mime-body-export-status-propagation:late-detection,library:mime-body-export-status-propagation:fault
library	mime-caller-export-status-reconciliation	library:mime-caller-export-status-reconciliation:complete,library:mime-caller-export-status-reconciliation:late-detection,library:mime-caller-export-status-reconciliation:fault
library	7z-coder-property-extent	library:7z-coder-property-extent:complete,library:7z-coder-property-extent:late-detection,library:7z-coder-property-extent:fault
library	alz-total-limit-arithmetic	library:alz-total-limit-arithmetic:complete,library:alz-total-limit-arithmetic:late-detection,library:alz-total-limit-arithmetic:fault
library	tar-nonfile-payload-admission	library:tar-nonfile-payload-admission:complete,library:tar-nonfile-payload-admission:late-detection,library:tar-nonfile-payload-admission:fault
library	udf-options-admission	library:udf-options-admission:complete,library:udf-options-admission:late-detection,library:udf-options-admission:fault
library	sis-options-admission	library:sis-options-admission:complete,library:sis-options-admission:late-detection,library:sis-options-admission:fault
library	7z-options-admission	library:7z-options-admission:complete,library:7z-options-admission:late-detection,library:7z-options-admission:fault
library	binhex-options-admission	library:binhex-options-admission:complete,library:binhex-options-admission:late-detection,library:binhex-options-admission:fault
library	hwpml-options-admission	library:hwpml-options-admission:complete,library:hwpml-options-admission:late-detection,library:hwpml-options-admission:fault
library	autoit-options-admission	library:autoit-options-admission:complete,library:autoit-options-admission:late-detection,library:autoit-options-admission:fault
library	msxml-options-admission	library:msxml-options-admission:complete,library:msxml-options-admission:late-detection,library:msxml-options-admission:fault
library	dmg-options-admission	library:dmg-options-admission:complete,library:dmg-options-admission:late-detection,library:dmg-options-admission:fault
library	ishield-options-admission	library:ishield-options-admission:complete,library:ishield-options-admission:late-detection,library:ishield-options-admission:fault
library	nsis-options-admission	library:nsis-options-admission:complete,library:nsis-options-admission:late-detection,library:nsis-options-admission:fault
library	pe-options-admission	library:pe-options-admission:complete,library:pe-options-admission:late-detection,library:pe-options-admission:fault
library	elf-options-admission	library:elf-options-admission:complete,library:elf-options-admission:late-detection,library:elf-options-admission:fault
library	egg-options-admission	library:egg-options-admission:complete,library:egg-options-admission:late-detection,library:egg-options-admission:fault
library	arj-options-admission	library:arj-options-admission:complete,library:arj-options-admission:late-detection,library:arj-options-admission:fault
library	xdp-options-admission	library:xdp-options-admission:complete,library:xdp-options-admission:late-detection,library:xdp-options-admission:fault
library	xar-options-admission	library:xar-options-admission:complete,library:xar-options-admission:late-detection,library:xar-options-admission:fault
library	rtf-options-admission	library:rtf-options-admission:complete,library:rtf-options-admission:late-detection,library:rtf-options-admission:fault
library	alz-directory-payload-admission	library:alz-directory-payload-admission:complete,library:alz-directory-payload-admission:late-detection,library:alz-directory-payload-admission:fault
library	fmap-hash-finalization-status	library:fmap-hash-finalization-status:complete,library:fmap-hash-finalization-status:late-detection,library:fmap-hash-finalization-status:fault
library	xar-hash-finalization-status	library:xar-hash-finalization-status:complete,library:xar-hash-finalization-status:late-detection,library:xar-hash-finalization-status:fault
library	xz-hash-finalization-status	library:xz-hash-finalization-status:complete,library:xz-hash-finalization-status:late-detection,library:xz-hash-finalization-status:fault
library	authenticode-hash-finalization-status	library:authenticode-hash-finalization-status:complete,library:authenticode-hash-finalization-status:late-detection,library:authenticode-hash-finalization-status:fault
feature	database-signature-hash-finalization-status	feature:database-signature-hash-finalization-status:enabled,feature:database-signature-hash-finalization-status:disabled-or-rejection
feature	html-phishing-hash-finalization-status	feature:html-phishing-hash-finalization-status:enabled,feature:html-phishing-hash-finalization-status:disabled-or-rejection
feature	host-id-hash-finalization-status	feature:host-id-hash-finalization-status:enabled,feature:host-id-hash-finalization-status:disabled-or-rejection
library	mspack-options-admission	library:mspack-options-admission:complete,library:mspack-options-admission:late-detection,library:mspack-options-admission:fault
library	hwp-nested-options-admission	library:hwp-nested-options-admission:complete,library:hwp-nested-options-admission:late-detection,library:hwp-nested-options-admission:fault
library	ppt-vba-options-admission	library:ppt-vba-options-admission:complete,library:ppt-vba-options-admission:late-detection,library:ppt-vba-options-admission:fault
library	ole10-options-admission	library:ole10-options-admission:complete,library:ole10-options-admission:late-detection,library:ole10-options-admission:fault
library	rust-parser-options-admission	library:rust-parser-options-admission:complete,library:rust-parser-options-admission:late-detection,library:rust-parser-options-admission:fault
library	pe-icon-time-limit	library:pe-icon-time-limit:complete,library:pe-icon-time-limit:late-detection,library:pe-icon-time-limit:fault
library	pe-resource-walk-time-limit	library:pe-resource-walk-time-limit:complete,library:pe-resource-walk-time-limit:late-detection,library:pe-resource-walk-time-limit:fault
library	hfsplus-compressed-output-size-admission	library:hfsplus-compressed-output-size-admission:complete,library:hfsplus-compressed-output-size-admission:late-detection,library:hfsplus-compressed-output-size-admission:fault
library	ole2-small-block-chain-deadline	library:ole2-small-block-chain-deadline:complete,library:ole2-small-block-chain-deadline:late-detection,library:ole2-small-block-chain-deadline:fault
library	rar-archive-open-status	library:rar-archive-open-status:complete,library:rar-archive-open-status:late-detection,library:rar-archive-open-status:fault
library	arj-direct-extraction-output-status	library:arj-direct-extraction-output-status:complete,library:arj-direct-extraction-output-status:late-detection,library:arj-direct-extraction-output-status:fault
library	egg-archive-index-read-status	library:egg-archive-index-read-status:complete,library:egg-archive-index-read-status:late-detection,library:egg-archive-index-read-status:fault
library	egg-skip-last-member-status	library:egg-skip-last-member-status:complete,library:egg-skip-last-member-status:late-detection,library:egg-skip-last-member-status:fault
library	vba-compressed-read-status	library:vba-compressed-read-status:complete,library:vba-compressed-read-status:late-detection,library:vba-compressed-read-status:fault
library	vba-project-directory-materialized-status	library:vba-project-directory-materialized-status:complete,library:vba-project-directory-materialized-status:late-detection,library:vba-project-directory-materialized-status:fault
library	dmg-materialized-mish-read-status	library:dmg-materialized-mish-read-status:complete,library:dmg-materialized-mish-read-status:late-detection,library:dmg-materialized-mish-read-status:fault
library	ole10-materialized-read-status	library:ole10-materialized-read-status:complete,library:ole10-materialized-read-status:late-detection,library:ole10-materialized-read-status:fault
library	ole2-mso-stream-probe-read-status	library:ole2-mso-stream-probe-read-status:complete,library:ole2-mso-stream-probe-read-status:late-detection,library:ole2-mso-stream-probe-read-status:fault
library	ppt-atom-header-read-status	library:ppt-atom-header-read-status:complete,library:ppt-atom-header-read-status:late-detection,library:ppt-atom-header-read-status:fault
library	ole10-nul-name-read-status	library:ole10-nul-name-read-status:complete,library:ole10-nul-name-read-status:late-detection,library:ole10-nul-name-read-status:fault
library	ole10-fixed-header-read-status	library:ole10-fixed-header-read-status:complete,library:ole10-fixed-header-read-status:late-detection,library:ole10-fixed-header-read-status:fault
library	ppt-compressed-stream-read-status	library:ppt-compressed-stream-read-status:complete,library:ppt-compressed-stream-read-status:late-detection,library:ppt-compressed-stream-read-status:fault
library	word-macro-skip-record-read-status	library:word-macro-skip-record-read-status:complete,library:word-macro-skip-record-read-status:late-detection,library:word-macro-skip-record-read-status:fault
library	ole2-property-name-admission	library:ole2-property-name-admission:complete,library:ole2-property-name-admission:late-detection,library:ole2-property-name-admission:fault
library	bytecode-read-buffer-admission	library:bytecode-read-buffer-admission:complete,library:bytecode-read-buffer-admission:late-detection,library:bytecode-read-buffer-admission:fault
library	gzip-decoder-reset-status	library:gzip-decoder-reset-status:complete,library:gzip-decoder-reset-status:late-detection,library:gzip-decoder-reset-status:fault
library	upx-decoder-status	library:upx-decoder-status:complete,library:upx-decoder-status:late-detection,library:upx-decoder-status:fault
library	hfsplus-catalog-name-admission	library:hfsplus-catalog-name-admission:complete,library:hfsplus-catalog-name-admission:late-detection,library:hfsplus-catalog-name-admission:fault
library	signature-database-hash-update-status	library:signature-database-hash-update-status:complete,library:signature-database-hash-update-status:late-detection,library:signature-database-hash-update-status:fault
library	pe-import-hash-update-status	library:pe-import-hash-update-status:complete,library:pe-import-hash-update-status:late-detection,library:pe-import-hash-update-status:fault
feature	sigtool-cvd-hash-status	feature:sigtool-cvd-hash-status:enabled,feature:sigtool-cvd-hash-status:disabled-or-rejection
library	milter-logical-budget-binding	library:milter-logical-budget-binding:complete,library:milter-logical-budget-binding:late-detection,library:milter-logical-budget-binding:fault
library	milter-exact-stream-digest	library:milter-exact-stream-digest:complete,library:milter-exact-stream-digest:late-detection,library:milter-exact-stream-digest:fault
library	pe-upx-lzma-input-window	library:pe-upx-lzma-input-window:complete,library:pe-upx-lzma-input-window:late-detection,library:pe-upx-lzma-input-window:fault
library	pdf-object-table-rollback	library:pdf-object-table-rollback:complete,library:pdf-object-table-rollback:late-detection,library:pdf-object-table-rollback:fault
library	pe-nspack-output-allocation	library:pe-nspack-output-allocation:complete,library:pe-nspack-output-allocation:late-detection,library:pe-nspack-output-allocation:fault
library	bytecode-run-argument-validation	library:bytecode-run-argument-validation:complete,library:bytecode-run-argument-validation:late-detection,library:bytecode-run-argument-validation:fault
library	logical-handler-stack-admission	library:logical-handler-stack-admission:complete,library:logical-handler-stack-admission:late-detection,library:logical-handler-stack-admission:fault
library	matcher-fmap-stack-admission	library:matcher-fmap-stack-admission:complete,library:matcher-fmap-stack-admission:late-detection,library:matcher-fmap-stack-admission:fault
library	fmap-core-wrapper-argument-validation	library:fmap-core-wrapper-argument-validation:complete,library:fmap-core-wrapper-argument-validation:late-detection,library:fmap-core-wrapper-argument-validation:fault
library	fmap-gets-argument-validation	library:fmap-gets-argument-validation:complete,library:fmap-gets-argument-validation:late-detection,library:fmap-gets-argument-validation:fault
library	bytecode-api-context-admission	library:bytecode-api-context-admission:complete,library:bytecode-api-context-admission:late-detection,library:bytecode-api-context-admission:fault
library	zip-helper-map-reader-admission	library:zip-helper-map-reader-admission:complete,library:zip-helper-map-reader-admission:late-detection,library:zip-helper-map-reader-admission:fault
library	mbr-check-buffer-admission	library:mbr-check-buffer-admission:complete,library:mbr-check-buffer-admission:late-detection,library:mbr-check-buffer-admission:fault
library	7z-sticky-completion	library:7z-sticky-completion:complete,library:7z-sticky-completion:late-detection,library:7z-sticky-completion:fault
library	release-unsupported-allowlist	library:release-unsupported-allowlist:complete,library:release-unsupported-allowlist:late-detection,library:release-unsupported-allowlist:fault
library	petite-rva-window-admission	library:petite-rva-window-admission:complete,library:petite-rva-window-admission:late-detection,library:petite-rva-window-admission:fault
library	mew-reconstructed-coordinate-admission	library:mew-reconstructed-coordinate-admission:complete,library:mew-reconstructed-coordinate-admission:late-detection,library:mew-reconstructed-coordinate-admission:fault
library	upack-reconstructed-coordinate-admission	library:upack-reconstructed-coordinate-admission:complete,library:upack-reconstructed-coordinate-admission:late-detection,library:upack-reconstructed-coordinate-admission:fault
library	yc-window-admission	library:yc-window-admission:complete,library:yc-window-admission:late-detection,library:yc-window-admission:fault
library	wwpack-source-window-admission	library:wwpack-source-window-admission:complete,library:wwpack-source-window-admission:late-detection,library:wwpack-source-window-admission:fault
library	upx-reconstructed-output-admission	library:upx-reconstructed-output-admission:complete,library:upx-reconstructed-output-admission:late-detection,library:upx-reconstructed-output-admission:fault
library	pespin-entry-section-window-admission	library:pespin-entry-section-window-admission:complete,library:pespin-entry-section-window-admission:late-detection,library:pespin-entry-section-window-admission:fault
library	nspack-table-size-and-backreference-admission	library:nspack-table-size-and-backreference-admission:complete,library:nspack-table-size-and-backreference-admission:late-detection,library:nspack-table-size-and-backreference-admission:fault
library	aspack-init-array-step	library:aspack-init-array-step:complete,library:aspack-init-array-step:late-detection,library:aspack-init-array-step:fault
library	petite-backreference-length-admission	library:petite-backreference-length-admission:complete,library:petite-backreference-length-admission:late-detection,library:petite-backreference-length-admission:fault
library	packlibs-backreference-admission	library:packlibs-backreference-admission:complete,library:packlibs-backreference-admission:late-detection,library:packlibs-backreference-admission:fault
library	arj-huffman-table-root-admission	library:arj-huffman-table-root-admission:complete,library:arj-huffman-table-root-admission:late-detection,library:arj-huffman-table-root-admission:fault
library	mime-argument-field-span-admission	library:mime-argument-field-span-admission:complete,library:mime-argument-field-span-admission:late-detection,library:mime-argument-field-span-admission:fault
library	scan-deadline-check-failure	library:scan-deadline-check-failure:complete,library:scan-deadline-check-failure:late-detection,library:scan-deadline-check-failure:fault
library	pdf-empty-extracted-object-maxfiles	library:pdf-empty-extracted-object-maxfiles:complete,library:pdf-empty-extracted-object-maxfiles:late-detection,library:pdf-empty-extracted-object-maxfiles:fault
library	xar-empty-subdocument-maxfiles	library:xar-empty-subdocument-maxfiles:complete,library:xar-empty-subdocument-maxfiles:late-detection,library:xar-empty-subdocument-maxfiles:fault
library	mime-empty-attachment-admission	library:mime-empty-attachment-admission:complete,library:mime-empty-attachment-admission:late-detection,library:mime-empty-attachment-admission:fault
